order_id,product_id,customer_id,date,size,channel,price
1120100,5011,1402561,10/01/2023,12,search_bing,$110.00
1120101,5096,1402573,10/25/2023,8,email_existing,$190.00
1120102,5131,1403036,11/29/2023,10,email_new_user,$55.00
1120103,5034,1402533,10/10/2023,14,email_new_user,$210.00
1120104,5060,1402881,11/29/2023,7,search_google,$90.00
1120105,5119,1402817,11/29/2023,6,Google,$60.00
1120106,5121,1402688,10/16/2023,7,social_fb,$45.00
1120107,5087,1402656,10/27/2023,10,Google,$205.00
1120108,5045,1402758,10/19/2023,12,Google,$110.00
1120109,5064,1402694,10/07/2023,7,search_google,$60.00
1120110,5067,1402611,10/23/2023,7,Google,$90.00
1120111,5100,1402793,10/25/2023,5,affiliate_display,$185.00
1120112,5035,1403098,10/04/2023,6,email_new_user,$80.00
1120113,5039,1402591,10/23/2023,7,email_new_user,$195.00
1120114,5092,1402874,10/24/2023,9,social_tiktok,$195.00
1120115,5103,1402585,10/22/2023,7,search_google,$230.00
1120116,5039,1402752,10/06/2023,10,email_existing,$180.00
1120117,5047,1402863,10/01/2023,13,search_google,$75.00
1120118,5098,1402823,10/04/2023,10,TikTok,$225.00
1120119,5123,1403034,10/09/2023,11,affiliate_text,$50.00
1120120,5021,1402748,10/14/2023,11,GA,$65.00
1120121,5032,1402976,11/28/2023,8,social_twitter,$100.00
1120122,5013,1403028,10/16/2023,12,email_existing,$120.00
1120123,5080,1402652,10/15/2023,8,email_new_user,$120.00
1120124,5085,1402671,10/04/2023,9,social_fb,$80.00
1120125,5084,1403009,10/08/2023,10,affiliate_text,$80.00
1120126,5094,1402971,10/21/2023,6,email_existing,$250.00
1120127,5081,1403035,10/01/2023,8,Google Analytics,$75.00
1120128,5110,1403027,11/30/2023,6,social_tiktok,$215.00
1120129,5073,1402966,10/15/2023,7,Bing,$50.00
1120130,5120,1402900,10/02/2023,9,email_new_user,$60.00
1120131,5066,1402912,10/09/2023,6,search_bing,$75.00
1120132,5028,1402724,10/06/2023,9,Yahoo,$70.00
1120133,5096,1403074,10/23/2023,10,email_new_user,$220.00
1120134,5139,1402716,10/18/2023,8,search_google,$65.00
1120135,5012,1402523,10/29/2023,10,email_existing,23%
1120136,5090,1402734,10/24/2023,7,email_existing,$75.00
1120137,5109,1402973,10/12/2023,7,email_existing,$190.00
1120138,5021,1402988,10/22/2023,10,search_google,$60.00
1120139,5134,1402718,10/30/2023,13,google_search,$30.00
1120140,5137,1402801,10/08/2023,9,FB,$30.00
1120141,5039,1403032,10/08/2023,11,email_existing,$195.00
1120142,5044,1402738,10/02/2023,9,social_tiktok,$80.00
1120143,5006,1402801,10/30/2023,9,search_google,$70.00
1120144,5071,1402839,10/05/2023,5,email_existing,$55.00
1120145,5085,1402963,10/14/2023,9,search_yahoo,$75.00
1120146,5102,1402545,10/05/2023,8,search_google,$190.00
1120147,5065,1403067,10/19/2023,9,social_tiktok,$95.00
1120148,5106,1402693,10/05/2023,6,search_google,$200.00
1120149,5036,1402902,10/20/2023,7,email_new_user,$230.00
1120150,5026,1403064,10/22/2023,8,email_existing,$95.00
1120151,5066,1402567,10/15/2023,6,search_google,$75.00
1120152,5036,1402556,10/16/2023,9,email_new_user,$230.00
1120153,5067,1402622,11/25/2023,11,social_fb,$105.00
1120154,5000,1402954,10/16/2023,8,search_google,$95.00
1120155,5000,1402975,10/12/2023,8,email_new_user,$110.00
1120156,5025,1403072,10/07/2023,6,social_fb,$100.00
1120157,5035,1402924,10/21/2023,9,search_google,$70.00
1120158,5139,1402933,10/31/2023,11,search_bing,$55.00
1120159,5048,1403039,10/25/2023,7,search_bing,$190.00
1120160,5087,1402591,11/22/2023,10,email_existing,$205.00
1120161,5027,1402735,11/09/2023,8,GA,$130.00
1120162,5055,1402878,11/28/2023,10,social_fb,$235.00
1120163,5034,1402759,11/27/2023,7,affiliate_text,$225.00
1120164,5012,1402556,11/25/2023,9,Bing,$70.00
1120165,5026,1402819,11/24/2023,9,email_new_user,$95.00
1120166,5018,1402830,11/12/2023,13,Bing,$75.00
1120167,5125,1402980,11/18/2023,13,email_new_user,$45.00
1120168,5050,1402864,11/11/2023,6,email_existing,$95.00
1120169,5094,1402944,11/12/2023,7,search_bing,$250.00
1120170,5073,1402580,11/30/2023,8,email_existing,$50.00
1120171,5124,1402542,11/19/2023,12,search_google,$60.00
1120172,5121,1402899,11/26/2023,11,search_google,$40.00
1120173,5045,1402547,11/23/2023,10,social_tiktok,$130.00
1120174,5018,1402785,11/26/2023,6,email_existing,$90.00
1120175,5121,1402704,11/19/2023,8,email_existing,$40.00
1120176,5118,1402835,11/16/2023,10,search_google,$60.00
1120177,5083,1402876,11/07/2023,7,Yahoo,$115.00
1120178,5087,1402654,11/16/2023,8,affiliate_text,$205.00
1120179,5052,1403065,11/30/2023,9,email_existing,$65.00
1120180,5025,1402753,11/30/2023,12,search_google,$100.00
1120181,5062,1402620,11/18/2023,6,email_existing,$110.00
1120182,5128,1402806,11/07/2023,7,email_existing,$55.00
1120183,5058,1403030,11/16/2023,8,email_existing,$95.00
1120184,5011,1403088,11/11/2023,7,email_existing,$110.00
1120185,5139,1402722,11/21/2023,11,search_bing,$65.00
1120186,5086,1402869,11/08/2023,11,affiliate_display,$115.00
1120187,5016,1402998,11/30/2023,9,social_tiktok,$55.00
1120188,5043,1403036,11/27/2023,10,email_existing,$210.00
1120189,5068,1402938,11/25/2023,4,social_fb,$85.00
1120190,5016,1403066,11/16/2023,9,search_yahoo,$60.00
1120191,5100,1402584,11/12/2023,8,search_google,$170.00
1120192,5028,1403025,11/22/2023,8,Bing,$65.00
1120193,5033,1402671,11/19/2023,9,affiliate_display,$90.00
1120194,5095,1402653,11/25/2023,9,social_fb,$180.00
1120195,5122,1402842,11/19/2023,7,email_existing,$35.00
1120196,5014,1403016,11/20/2023,9,search_google,$65.00
1120197,5015,1402622,11/21/2023,10,email_new_user,$70.00
1120198,5008,1402816,11/07/2023,7,social_tiktok,$105.00
1120199,5011,1402590,11/02/2023,10,search_yahoo,$95.00
1120200,5045,1402711,11/05/2023,7,email_new_user,$130.00
1120201,5121,1402757,11/19/2023,11,affiliate_display,$40.00
1120202,5087,1402959,11/16/2023,7,social_fb,$190.00
1120203,5111,1403097,11/16/2023,6,search_bing,$155.00
1120204,5136,1402567,11/19/2023,7,email_new_user,$35.00
1120205,5076,1402601,11/29/2023,7,social_fb,$120.00
1120206,5026,1402933,11/09/2023,10,email_new_user,$110.00
1120207,5087,1402650,11/27/2023,5,search_google,$220.00
1120208,5129,1402835,11/03/2023,11,email_newuser,$70.00
1120209,5051,1402941,11/09/2023,8,FB,$75.00
1120210,5007,1402920,11/24/2023,10,Google Analytics,$50.00
1120211,5024,1402524,11/18/2023,11,search_google,$125.00
1120212,5124,1402591,11/22/2023,9,social_tiktok,$65.00
1120213,5066,1402755,11/15/2023,6,email_existing,$75.00
1120214,5097,1403076,11/27/2023,5,social_twitter,$185.00
1120215,5048,1402830,11/15/2023,12,email_existing,$220.00
1120216,5011,1403086,11/27/2023,9,email_new_user,$95.00
1120217,5043,1402627,11/02/2023,8,email_existing,$225.00
1120218,5025,1402616,11/15/2023,11,search_google,$100.00
1120219,5123,1402538,11/08/2023,9,email_new_user,$60.00
1120220,5047,1402624,11/25/2023,11,Google Analytics,$80.00
1120221,5090,1402798,11/18/2023,8,google_search,$70.00
1120222,5096,1402694,11/26/2023,6,email_existing,$220.00
1120223,5042,1403027,11/19/2023,8,search_yahoo,$80.00
1120224,5100,1402939,11/20/2023,7,email_existing,120%
1120225,5080,1403016,12/06/2023,7,search_google,$110.00
1120226,5106,1402772,12/25/2023,9,email_existing,$185.00
1120227,5054,1402801,12/24/2023,9,search_google,$75.00
1120228,5032,1403096,12/18/2023,11,Google,$105.00
1120229,5112,1402600,12/14/2023,6,email_new_user,$145.00
1120230,5091,1402639,12/02/2023,7,email_new_user,$245.00
1120231,5047,1402579,12/04/2023,11,search_google,$80.00
1120232,5030,1402844,12/16/2023,13,email_existing,$95.00
1120233,5054,1402962,12/21/2023,9,social_fb,$80.00
1120234,5070,1402906,12/24/2023,11,email_newuser,$120.00
1120235,5068,1402852,12/19/2023,7,email_new_user,$100.00
1120236,5021,1402908,12/08/2023,10,search_google,$60.00
1120237,5021,1402635,12/14/2023,10,social_fb,$65.00
1120238,5082,1402630,12/05/2023,10,search_google,$65.00
1120239,5036,1402710,12/03/2023,11,email_existing,$200.00
1120240,5029,1402827,12/06/2023,8,email_new_user,$110.00
1120241,5042,1402684,12/22/2023,12,email_existing,$85.00
1120242,5056,1402883,12/29/2023,7,email_newuser,$65.00
1120243,5091,1402642,12/13/2023,8,search_google,$225.00
1120244,5061,1402689,12/15/2023,7,email_existing,$80.00
1120245,5115,1403094,12/24/2023,9,email_existing,$180.00
1120246,5097,1402794,12/22/2023,7,search_google,$185.00
1120247,5087,1402535,12/07/2023,7,email_new_user,$205.00
1120248,5012,1402737,12/03/2023,10,affiliate_text,$70.00
1120249,5125,1402796,12/02/2023,8,social_fb,$45.00
1120250,5038,1402870,12/20/2023,10,social_fb,$180.00
1120251,5129,1402879,12/31/2023,10,Google,$75.00
1120252,5127,1402918,12/15/2023,11,email_existing,$40.00
1120253,5011,1402545,12/08/2023,9,search_google,$95.00
1120254,5052,1402844,12/31/2023,8,Google Analytics,$75.00
1120255,5038,1403066,12/12/2023,7,email_existing,$195.00
1120256,5030,1402527,12/20/2023,11,social_twitter,$90.00
1120257,5118,1402792,12/02/2023,10,search_google,$50.00
1120258,5043,1402760,12/06/2023,7,email_new_user,$245.00
1120259,5115,1402688,12/17/2023,4,affiliate_text,$180.00
1120260,5082,1402600,12/09/2023,6,email_new_user,$65.00
1120261,5100,1402938,12/05/2023,9,social_fb,$185.00
1120262,5039,1402812,12/20/2023,8,social_fb,$180.00
1120263,5085,1402707,12/23/2023,8,search_yahoo,$75.00
1120264,5051,1402920,12/09/2023,9,search_google,$70.00
1120265,5032,1402703,12/11/2023,8,Bing,$105.00
1120266,5122,1403052,12/15/2023,10,search_yahoo,$35.00
1120267,5104,1402826,12/27/2023,9,social_fb,$205.00
1120268,5104,1403027,12/09/2023,8,affiliate_display,$190.00
1120269,5081,1402851,12/01/2023,4,search_bing,$85.00
1120270,5054,1403086,12/20/2023,8,Google,$70.00
1120271,5134,1403104,12/20/2023,8,search_google,$35.00
1120272,5084,1402612,12/03/2023,7,email_existing,$95.00
1120273,5015,1403065,12/23/2023,10,search_google,$65.00
1120274,5008,1402810,12/11/2023,7,search_google,$115.00
1120275,5071,1402860,12/14/2023,7,Facebook Ads,$60.00
1120276,5124,1402897,12/03/2023,7,affiliate_display,$70.00
1120277,5011,1402689,12/05/2023,10,search_google,$95.00
1120278,5113,1402931,12/14/2023,10,email_existing,$160.00
1120279,5092,1402550,12/03/2023,8,search_google,$210.00
1120280,5069,1402967,12/28/2023,9,email_existing,$95.00
1120281,5128,1402537,12/09/2023,10,social_fb,$60.00
1120282,5105,1402872,12/04/2023,10,search_google,$225.00
1120283,5131,1402853,12/05/2023,10,Google,$60.00
1120284,5074,1403041,12/17/2023,7,search_google,$115.00
1120285,5085,1402547,12/19/2023,7,affiliate_display,$80.00
1120286,5030,1402528,12/18/2023,9,search_google,$95.00
1120287,5023,1402528,12/06/2023,11,email_new_user,$55.00
1120934,5048,1402846,01/06/2024,10,search_google,$190.00
1120935,5023,1402552,01/28/2024,9,social_fb,$50.00
1120936,5043,1402700,01/17/2024,11,email_existing,$245.00
1120937,5027,1402969,01/02/2024,9,Yahoo,$130.00
1120938,5041,1402942,01/16/2024,7,email_existing,$230.00
1120939,5045,1402622,01/28/2024,9,social_fb,$120.00
1120940,5021,1403055,01/03/2024,8,Bing,$65.00
1120941,5022,1402642,01/20/2024,12,search_google,$105.00
1120942,5023,1402782,01/04/2024,7,affiliate_text,$55.00
1120943,5021,1403052,01/14/2024,6,search_google,$60.00
1120944,5039,1402713,01/08/2024,12,Bing,$165.00
1120945,5034,1402737,01/29/2024,6,search_google,$210.00
1120946,5034,1402540,01/21/2024,8,email_existing,$210.00
1120947,5024,1402648,01/28/2024,7,GA,$115.00
1120948,5044,1402600,01/24/2024,8,search_google,$80.00
1120949,5044,1402687,01/10/2024,10,Facebook Ads,$80.00
1120950,5022,1402935,01/09/2024,9,email_existing,$105.00
1120951,5021,1402962,01/30/2024,9,affiliate_text,$60.00
1120952,5037,1402580,01/20/2024,11,search_google,$80.00
1120953,5040,1403041,01/08/2024,6,affiliate_display,$90.00
1120954,5034,1402720,01/25/2024,9,email_new_user,$245.00
1120955,5037,1402881,01/17/2024,34,Google,$80.00
1120956,5035,1402710,01/07/2024,8,search_yahoo,$80.00
1120957,5023,1402812,01/03/2024,8,social_fb,$55.00
1120958,5044,1402669,01/02/2024,11,email_new_user,$80.00
1120959,5041,1402916,01/21/2024,12,search_google,$195.00
1120960,5042,1402607,01/22/2024,10,google_search,$80.00
1120961,5021,1402596,01/23/2024,9,search_bing,$70.00
1120962,5028,1403078,01/17/2024,7,email_new_user,$75.00
1120963,5032,1402525,01/13/2024,100,search_bing,$90.00
1120964,5040,1402778,01/31/2024,12,search_bing,$95.00
1120965,5039,1402588,01/21/2024,9,search_yahoo,$165.00
1120966,5027,1402947,01/23/2024,10,social_twitter,$110.00
1120967,5041,1403062,01/24/2024,9,email_new_user,$195.00
1120968,5041,1402852,01/06/2024,11,search_google,$230.00
1120969,5047,1402603,01/31/2024,15,affiliate_display,$70.00
1120970,5025,1402813,01/30/2024,11,search_bing,$100.00
1120971,5032,1402713,01/13/2024,8,Google,$105.00
1120972,5039,1402876,01/16/2024,8,affiliate_text,$180.00
1120973,5032,1403072,01/09/2024,12,email_existing,$90.00
1120974,5021,1402906,01/09/2024,9,affiliate_display,$60.00
1120975,5030,1402933,01/22/2024,9,social_fb,$90.00
1120976,5046,1402553,01/15/2024,6,email_newuser,$45.00
1120977,5043,1403038,01/12/2024,8,Yahoo,$225.00
1120978,5040,1402713,01/21/2024,8,social_tiktok,$90.00
1120979,5030,1402871,01/02/2024,9,social_fb,$105.00
1120980,5049,1402846,01/02/2024,10,GA,$60.00
1120981,5037,1402861,01/10/2024,11,search_google,$70.00
1120982,5022,1402616,01/29/2024,9,email_new_user,$100.00
1120983,5042,1402574,01/17/2024,10,social_fb,$85.00
1120984,5029,1402813,01/25/2024,13,social_twitter,$120.00
1120985,5044,1402779,01/05/2024,8,affiliate_text,$80.00
1120986,5035,1402718,01/22/2024,10,affiliate_text,$80.00
1120987,5029,1402632,01/01/2024,11,email_existing,$120.00
1120988,5031,1402912,01/13/2024,9,Facebook Ads,$90.00
1120989,5023,1402770,01/26/2024,10,affiliate_text,$55.00
1120990,5029,1402637,01/13/2024,9,email_existing,$100.00
1120991,5023,1402634,01/16/2024,7,social_twitter,$55.00
1120992,5036,1402635,01/14/2024,6,email_existing,$230.00
1120993,5043,1402661,01/27/2024,8,email_new_user,$225.00
1120994,5025,1402965,01/26/2024,10,search_google,$85.00
1120995,5026,1402695,01/21/2024,8,google_search,$100.00
1120996,5031,1403041,01/20/2024,10,email_existing,$90.00
1120997,5050,1402993,01/01/2024,8,social_twitter,$80.00
1120998,5045,1402554,01/23/2024,8,Bing,$110.00
1120999,5020,1402995,01/27/2024,7,email_existing,$95.00
1121000,5027,1402861,01/27/2024,8,google_search,$120.00
1121001,5036,1402574,01/01/2024,6,email_new_user,$230.00
1121002,5025,1402890,01/14/2024,9,email_existing,$95.00
1121003,5045,1402585,01/31/2024,9,search_google,$120.00
1121004,5050,1402798,01/14/2024,7,search_google,$80.00
1121005,5020,1402871,01/31/2024,9,affiliate_text,$80.00
1121006,5050,1403093,01/16/2024,4,Google,$80.00
1121007,5027,1403063,01/16/2024,11,email_existing,$110.00
1121008,5032,1402720,01/05/2024,8,search_google,$90.00
1121009,5047,1402636,01/13/2024,5,affiliate_text,$75.00
1121010,5044,1402907,01/10/2024,7,search_bing,$90.00
1121011,5021,1402954,01/18/2024,8,email_new_user,$65.00
1121012,5029,1402631,01/24/2024,7,GA,$100.00
1121013,5021,1402591,01/12/2024,12,social_twitter,$65.00
1121014,5042,1402978,01/03/2024,8,search_google,$70.00
1121015,5036,1403013,02/18/2024,10,email_existing,$200.00
1121016,5023,1402613,02/24/2024,8,email_new_user,$55.00
1121017,5026,1402789,02/20/2024,9,social_fb,$95.00
1121018,5050,1402707,02/02/2024,8,search_google,$95.00
1121019,5040,1403031,02/06/2024,10,search_google,$85.00
1121020,5036,1402759,02/15/2024,12,search_google,$215.00
1121021,5040,1402539,02/17/2024,9,email_existing,$95.00
1121022,5047,1402667,02/17/2024,8,email_new_user,$80.00
1121023,5043,1402553,02/19/2024,10,search_google,$225.00
1121024,5048,1402600,02/13/2024,12,email_new_user,$205.00
1121025,5030,1402582,02/20/2024,8,search_google,$95.00
1121026,5042,1402701,02/20/2024,10,search_google,$80.00
1121027,5029,1402620,02/22/2024,8,affiliate_text,$120.00
1121028,5032,1403063,02/02/2024,7,search_google,$100.00
1121029,5028,1403001,02/17/2024,8,Bing,$70.00
1121030,5040,1402758,02/09/2024,9,TikTok,$95.00
1121031,5022,1402619,02/16/2024,7,search_google,$90.00
1121032,5048,1402956,02/03/2024,7,email_existing,$190.00
1121033,5040,1402859,02/13/2024,10,email_new_user,$85.00
1121034,5023,1402833,02/23/2024,8,social_tiktok,$55.00
1121035,5023,1403058,02/07/2024,8,search_google,$55.00
1121036,5024,1402745,02/18/2024,9,email_new_user,$125.00
1121037,5047,1402960,02/04/2024,11,email_existing,$70.00
1121038,5026,1402768,02/15/2024,9,search_google,$110.00
1121039,5050,1402525,02/15/2024,6,email_existing,$95.00
1121040,5024,1402926,02/23/2024,10,search_google,$115.00
1121041,5021,1402848,02/18/2024,9,email_existing,$60.00
1121042,5029,1402820,02/28/2024,10,social_twitter,$120.00
1121043,5039,1402543,02/02/2024,8,social_tiktok,$165.00
1121044,5048,1402753,02/06/2024,9,email_new_user,$190.00
1121045,5027,1403086,02/13/2024,10,social_twitter,$110.00
1121046,5032,1402655,02/24/2024,8,email_existing,$100.00
1121047,5045,1403091,02/12/2024,11,email_new_user,$110.00
1121048,5036,1402739,02/12/2024,8,search_google,$230.00
1121049,5022,1402656,02/13/2024,9,search_google,$100.00
1121050,5029,1402816,02/04/2024,9,FB,$100.00
1121051,5034,1402550,02/17/2024,9,Facebook,$210.00
1121052,5041,1402954,02/26/2024,13,affiliate_display,$195.00
1121053,5047,1402963,02/02/2024,11,search_google,$70.00
1121054,5036,1402985,02/22/2024,7,search_bing,$215.00
1121055,5050,1403036,02/22/2024,7,email_existing,$95.00
1121056,5047,1402734,02/22/2024,10,social_twitter,$80.00
1121057,5047,1402889,02/11/2024,9,search_google,$80.00
1121058,5043,1402572,02/07/2024,9,email_existing,$245.00
1121059,5033,1402542,02/26/2024,12,email_existing,$90.00
1121060,5041,1402796,02/19/2024,7,email_existing,$230.00
1121061,5036,1402538,02/13/2024,12,search_google,$230.00
1121062,5045,1403086,02/23/2024,12,email_new_user,$130.00
1121063,5045,1402721,02/26/2024,11,social_fb,$110.00
1121064,5037,1403021,02/10/2024,8,affiliate_text,$80.00
1121065,5045,1402531,02/09/2024,7,affiliate_text,$120.00
1121066,5050,1402690,02/24/2024,4,social_fb,$90.00
1121067,5043,1402761,02/10/2024,10,affiliate_display,$225.00
1121068,5026,1402531,02/15/2024,10,social_fb,$100.00
1121069,5031,1402784,02/20/2024,9,affiliate_display,$75.00
1121070,5033,1402862,02/03/2024,9,email_existing,$95.00
1121071,5045,1402681,02/19/2024,7,email_existing,$110.00
1121072,5034,1403025,02/25/2024,7,social_twitter,$225.00
1121073,5036,1403062,02/22/2024,9,email_new_user,$200.00
1121074,5020,1402801,02/09/2024,10,GA,$80.00
1121075,5036,1402820,02/03/2024,9,email_new_user,$200.00
1121076,5042,1402923,02/21/2024,8,email_existing,$70.00
1121077,5041,1403092,02/03/2024,11,search_yahoo,$230.00
1121078,5025,1402894,02/17/2024,9,affiliate_text,$95.00
1121079,5023,1402725,02/07/2024,3,email_new_user,$55.00
1121080,5025,1403079,02/21/2024,13,search_bing,$85.00
1121081,5031,1402884,02/20/2024,8,social_fb,$85.00
1121082,5026,1402954,02/18/2024,13,Google,$95.00
1121083,5030,1402578,02/19/2024,7,email_existing,$95.00
1121084,5041,1402583,02/26/2024,10,Google Analytics,$215.00
1121085,5036,1403035,02/24/2024,7,email_existing,$230.00
1121086,5034,1402557,02/06/2024,10,email_existing,$225.00
1121087,5042,1403057,02/06/2024,6,affiliate_display,$80.00
1121088,5034,1402556,02/21/2024,8,social_fb,$245.00
1121089,5045,1402948,02/17/2024,10,search_bing,$130.00
1121090,5043,1402814,02/09/2024,7,email_existing,$225.00
1121091,5021,1402566,02/03/2024,11,Google,$65.00
1121092,5020,1402835,02/10/2024,10,Bing,$80.00
1121093,5037,1402581,02/17/2024,10,affiliate_display,$70.00
1121094,5026,1402528,02/12/2024,8,social_tiktok,$110.00
1121095,5039,1402812,03/20/2024,9,affiliate_text,$165.00
1121096,5045,1402810,03/04/2024,7,affiliate_text,$110.00
1121097,5023,1402872,03/09/2024,10,Google,$50.00
1121098,5032,1402667,03/02/2024,9,email_new_user,$90.00
1121099,5043,1402760,03/15/2024,7,email_new_user,$225.00
1121100,5041,1402574,03/11/2024,9,email_new_user,$230.00
1121101,5036,1402903,03/06/2024,7,Bing,$200.00
1121102,5026,1402849,03/23/2024,10,search_google,$100.00
1121103,5049,1403003,03/27/2024,6,search_google,$60.00
1121104,5034,1402663,03/31/2024,7,Yahoo,$245.00
1121105,5047,1402737,03/23/2024,11,Yahoo,$70.00
1121106,5041,1402784,03/30/2024,9,search_google,$215.00
1121107,5024,1402807,03/04/2024,9,email_existing,$105.00
1121108,5029,1402852,03/31/2024,6,search_bing,$110.00
1121109,5046,1402823,03/04/2024,9,email_existing,$55.00
1121110,5026,1402625,03/11/2024,11,social_fb,$95.00
1121111,5042,1402848,03/12/2024,9,Bing,$80.00
1121112,5026,1403049,03/31/2024,10,social_tiktok,$95.00
1121113,5025,1402697,03/28/2024,8,search_google,$95.00
1121114,5050,1402643,03/30/2024,11,email_existing,$95.00
1121115,5028,1403021,03/12/2024,11,Google Analytics,$70.00
1121116,5022,1402832,03/12/2024,6,search_google,$100.00
1121117,5048,1402822,03/31/2024,6,affiliate_text,$205.00
1121118,5048,1402990,03/11/2024,12,search_bing,$190.00
1121119,5024,1402933,03/03/2024,8,email_existing,$125.00
1121120,5038,1403061,03/27/2024,7,email_existing,$165.00
1121121,5041,1402973,03/13/2024,9,search_google,$195.00
1121122,5043,1402615,03/30/2024,8,search_google,$225.00
1121123,5026,1402953,03/08/2024,9,email_existing,$100.00
1121124,5030,1402918,03/21/2024,6,email_existing,$90.00
1121125,5049,1403038,03/20/2024,14,Google,$55.00
1121126,5032,1403055,03/18/2024,6,email_new_user,$90.00
1121127,5034,1402581,03/28/2024,8,social_fb,$225.00
1121128,5031,1402605,03/13/2024,8,Yahoo,$90.00
1121129,5039,1402828,03/22/2024,6,Google,$165.00
1121130,5050,1402969,03/23/2024,5,affiliate_display,$80.00
1121131,5040,1402742,03/28/2024,11,email_existing,$85.00
1121132,5032,1402762,03/16/2024,10,social_fb,$90.00
1121133,5026,1402975,03/03/2024,6,search_google,$95.00
1121134,5022,1402542,03/27/2024,10,search_google,$90.00
1121135,5050,1402918,03/07/2024,3,social_fb,$95.00
1121136,5032,1403065,03/03/2024,8,Google Analytics,$105.00
1121137,5041,1402650,03/06/2024,10,social_fb,$195.00
1121138,5020,1402540,03/21/2024,12,email_existing,$90.00
1121139,5024,1402973,03/11/2024,10,email_new_user,$125.00
1121140,5048,1402808,03/27/2024,10,Facebook Ads,$205.00
1121141,5048,1403043,03/18/2024,9,search_google,$220.00
1121142,5040,1402853,03/25/2024,14,email_existing,$90.00
1121143,5044,1402692,03/25/2024,5,search_google,$75.00
1121144,5050,1403037,03/22/2024,8,Google,$95.00
1121145,5021,1402770,03/27/2024,8,search_google,$60.00
1121146,5127,1402765,03/03/2024,11,google_search,$45.00
1121147,5112,1403064,03/05/2024,8,GA,$145.00
1121148,5065,1402836,03/16/2024,8,email_new_user,$100.00
1121149,5015,1402571,03/18/2024,7,email_existing,$70.00
1121150,5000,1402882,03/06/2024,10,social_twitter,$110.00
1121151,5002,1402756,03/31/2024,7,email_existing,$105.00
1121152,5130,1403070,03/06/2024,13,email_newuser,$60.00
1121153,5125,1402951,03/31/2024,12,email_existing,$45.00
1121154,5113,1402778,03/30/2024,7,email_new_user,$175.00
1121155,5037,1402567,03/22/2024,11,email_existing,$70.00
1121156,5112,1402529,03/19/2024,9,search_google,$145.00
1121157,5051,1402807,03/03/2024,9,email_existing,$75.00
1121158,5039,1402975,03/10/2024,10,Bing,$195.00
1121159,5003,1402722,03/04/2024,10,email_new_user,$100.00
1121160,5107,1402566,03/11/2024,5,search_google,$230.00
1121161,5038,1402719,03/29/2024,10,Google Analytics,$165.00
1121162,5105,1402687,03/26/2024,10,social_fb,$210.00
1121163,5002,1402894,03/04/2024,6,affiliate_display,$90.00
1121164,5138,1402863,03/11/2024,10,search_google,$40.00
1121165,5037,1403017,03/15/2024,12,affiliate_text,$65.00
1121166,5108,1402673,03/25/2024,10,search_google,$205.00
1121167,5098,1402885,03/22/2024,6,Google,$225.00
1121168,5098,1402660,03/27/2024,8,email_new_user,$195.00
1121169,5002,1402983,03/08/2024,7,social_fb,$90.00
1121170,5080,1403052,03/07/2024,8,affiliate_text,$100.00
1121171,5070,1403103,03/04/2024,3,search_google,$120.00
1121172,5004,1402670,03/13/2024,10,search_bing,$95.00
1121173,5110,1402627,03/19/2024,9,search_google,$235.00
1121174,5089,1402861,03/29/2024,6,search_bing,$185.00
1121175,5128,1402908,03/14/2024,8,search_bing,$55.00
1121176,5009,1402676,03/29/2024,11,search_google,$70.00
1121177,5017,1402711,03/03/2024,11,email_new_user,$115.00
1121178,5053,1402524,03/23/2024,9,email_new_user,$95.00
1121179,5017,1403043,03/27/2024,10,search_google,$100.00
1121180,5038,1403042,03/21/2024,9,social_tiktok,$165.00
1121181,5106,1402965,03/04/2024,8,Google Analytics,$215.00
1121182,5101,1402680,03/24/2024,5,email_new_user,$240.00
1121183,5052,1402951,04/11/2024,8,email_existing,$75.00
1121184,5023,1403025,04/08/2024,10,email_new_user,$50.00
1121185,5049,1402633,04/23/2024,10,Facebook Ads,$50.00
1121186,5111,1402704,04/20/2024,8,Facebook,$165.00
1121187,5136,1402843,04/20/2024,11,email_existing,$35.00
1121188,5045,1402863,04/11/2024,9,search_google,$130.00
1121189,5028,1402862,04/12/2024,10,Google,$70.00
1121190,5028,1402562,04/20/2024,9,email_existing,$70.00
1121191,5050,1402538,04/28/2024,6,email_existing,$95.00
1121192,5075,1402852,04/12/2024,9,search_google,$90.00
1121193,5053,1402751,04/07/2024,10,affiliate_text,$115.00
1121194,5112,1403047,04/12/2024,6,search_bing,$165.00
1121195,5079,1402592,04/21/2024,7,affiliate_display,$105.00
1121196,5031,1403069,04/15/2024,11,search_google,$90.00
1121197,5116,1402541,04/15/2024,8,email_new_user,$180.00
1121198,5032,1403092,04/01/2024,12,Yahoo,$90.00
1121199,5063,1402978,04/08/2024,10,social_fb,$80.00
1121200,5093,1402780,04/01/2024,7,search_google,$45.00
1121201,5130,1402538,04/29/2024,8,email_new_user,$55.00
1121202,5130,1403055,04/10/2024,9,social_fb,$55.00
1121203,5105,1403036,04/01/2024,7,affiliate_text,$225.00
1121204,5034,1402676,04/17/2024,8,Google Analytics,$225.00
1121205,5053,1403087,04/04/2024,11,social_twitter,$105.00
1121206,5042,1402799,04/10/2024,9,search_bing,$85.00
1121207,5020,1403039,04/22/2024,9,FB,$95.00
1121208,5135,1403077,04/16/2024,10,social_fb,$35.00
1121209,5136,1402990,04/08/2024,7,search_bing,$40.00
1121210,5110,1403010,04/13/2024,8,affiliate_display,$235.00
1121211,5122,1402676,04/08/2024,9,email_new_user,$35.00
1121212,5040,1402804,04/02/2024,8,email_existing,$90.00
1121213,5139,1402536,04/28/2024,8,social_tiktok,$60.00
1121214,5115,1403053,04/19/2024,4,search_google,$180.00
1121215,5042,1402974,04/28/2024,10,email_existing,$85.00
1121216,5004,1403008,04/15/2024,8,search_bing,$110.00
1121217,5012,1402790,04/04/2024,12,social_fb,$80.00
1121218,5120,1402879,04/07/2024,10,affiliate_text,$50.00
1121219,5111,1402859,04/25/2024,8,email_existing,$180.00
1121220,5077,1403071,04/10/2024,7,affiliate_display,$100.00
1121221,5110,1402669,04/18/2024,10,email_newuser,$200.00
1121222,5055,1402539,04/21/2024,7,Google Analytics,$200.00
1121223,5052,1402934,04/30/2024,7,social_tiktok,$70.00
1121224,5084,1403032,04/11/2024,9,Google,$80.00
1121225,5100,1402660,04/22/2024,9,email_existing,$170.00
1121226,5100,1402930,04/06/2024,10,search_google,$170.00
1121227,5040,1402716,04/08/2024,4,email_existing,$90.00
1121228,5070,1403039,04/09/2024,11,Twitter,$130.00
1121229,5111,1402573,04/19/2024,11,social_twitter,$165.00
1121230,5102,1402998,04/06/2024,7,email_existing,$190.00
1121231,5109,1402781,04/03/2024,8,email_existing,$205.00
1121232,5048,1403093,04/21/2024,8,email_existing,$220.00
1121233,5072,1402633,04/22/2024,6,search_google,$95.00
1121234,5133,1402765,04/27/2024,8,email_existing,$30.00
1121235,5113,1402576,04/04/2024,8,email_new_user,$175.00
1121236,5067,1402836,04/09/2024,7,email_existing,$90.00
1121237,5004,1403002,04/23/2024,9,search_google,$100.00
1121238,5088,1403069,04/14/2024,10,search_google,$95.00
1121239,5103,1402770,04/05/2024,7,social_fb,$250.00
1121240,5046,1402850,04/10/2024,8,Bing,$55.00
1121241,5028,1402923,04/04/2024,14,email_new_user,$65.00
1121242,5044,1402872,04/12/2024,13,search_google,$80.00
1121243,5134,1402723,04/10/2024,9,affiliate_text,$30.00
1121244,5008,1402789,04/04/2024,10,email_existing,$115.00
1121245,5127,1403041,04/17/2024,7,Google,$45.00
1121246,5084,1402708,04/05/2024,9,search_google,$85.00
1121247,5014,1402773,04/28/2024,12,email_new_user,$70.00
1121248,5029,1403095,04/07/2024,7,affiliate_display,$120.00
1121249,5095,1403053,04/24/2024,9,affiliate_text,$180.00
1121250,5087,1403074,04/03/2024,8,social_tiktok,$220.00
1121251,5093,1402605,04/30/2024,9,search_google,$50.00
1121252,5117,1402772,04/21/2024,12,email_existing,$60.00
1121253,5059,1402689,04/06/2024,6,social_fb,$75.00
1121254,5045,1402631,05/12/2024,10,Facebook Ads,$110.00
1121255,5009,1402590,05/22/2024,10,search_google,$70.00
1121256,5065,1402788,05/24/2024,6,Google Analytics,$95.00
1121257,5094,1402826,05/15/2024,11,email_new_user,$230.00
1121258,5120,1402887,05/19/2024,8,search_bing,$55.00
1121259,5055,1402782,05/13/2024,7,email_newuser,$235.00
1121260,5104,1403033,05/25/2024,9,search_google,$220.00
1121261,5063,1402843,05/29/2024,7,affiliate_display,$95.00
1121262,5078,1402545,05/14/2024,7,affiliate_text,$80.00
1121263,5072,1402607,05/26/2024,9,affiliate_display,$110.00
1121264,5056,1402606,05/03/2024,4,email_existing,$65.00
1121265,5136,1402911,05/18/2024,10,GA,$40.00
1121266,5052,1402822,05/11/2024,9,email_existing,$65.00
1121267,5037,1402829,05/27/2024,9,email_existing,$70.00
1121268,5007,1402936,05/25/2024,9,email_existing,$50.00
1121269,5021,1402732,05/02/2024,9,search_google,$70.00
1121270,5011,1402988,05/20/2024,11,email_new_user,$100.00
1121271,5055,1402679,05/01/2024,10,search_bing,$235.00
1121272,5008,1402886,05/18/2024,9,email_new_user,$115.00
1121273,5066,1402801,05/17/2024,8,email_new_user,$80.00
1121274,5128,1402673,05/21/2024,8,social_fb,$55.00
1121275,5023,1402637,05/16/2024,10,search_google,$55.00
1121276,5071,1402894,05/16/2024,8,search_google,$55.00
1121277,5072,1402716,05/20/2024,8,search_google,$95.00
1121278,5124,1402788,05/13/2024,7,search_google,$60.00
1121279,5072,1402959,05/11/2024,9,google_search,$100.00
1121280,5065,1403033,05/20/2024,8,Google Analytics,$95.00
1121281,5021,1402757,05/07/2024,10,email_new_user,$60.00
1121282,5030,1402917,05/13/2024,9,Bing,$95.00
1121283,5128,1402592,05/30/2024,9,email_existing,$65.00
1121284,5107,1402944,05/16/2024,0,search_google,$200.00
1121285,5020,1402945,05/22/2024,7,email_new_user,$90.00
1121286,5021,1403011,05/27/2024,11,search_google,$70.00
1121287,5063,1402761,05/19/2024,9,email_new_user,$95.00
1121288,5132,1402565,05/31/2024,8,social_twitter,$30.00
1121289,5012,1402649,05/22/2024,10,affiliate_text,$85.00
1121290,5005,1402961,05/06/2024,10,search_bing,$120.00
1121291,5052,1403079,05/23/2024,7,search_google,$75.00
1121292,5039,1402679,05/15/2024,10,Bing,$165.00
1121293,5052,1402528,05/20/2024,5,social_tiktok,$70.00
1121294,5047,1402730,05/26/2024,12,email_existing,$75.00
1121295,5125,1402855,05/22/2024,6,social_tiktok,$35.00
1121296,5081,1403083,05/04/2024,8,social_fb,$85.00
1121297,5042,1402682,05/04/2024,8,email_new_user,$70.00
1121298,5103,1402554,05/03/2024,10,affiliate_display,$215.00
1121299,5001,1402578,05/08/2024,7,affiliate_display,$105.00
1121300,5031,1402659,05/21/2024,7,Facebook,$85.00
1121301,5069,1402664,05/12/2024,6,social_twitter,$110.00
1121302,5018,1402601,05/26/2024,9,TikTok,$75.00
1121303,5136,1402573,05/16/2024,9,email_new_user,$40.00
1121304,5124,1402524,05/31/2024,9,Google Analytics,$70.00
1121305,5070,1402703,05/30/2024,9,search_bing,$130.00
1121306,5129,1402880,05/01/2024,15,search_google,$75.00
1121307,5071,1402911,05/13/2024,10,TikTok,$50.00
1121308,5123,1402794,05/16/2024,6,Twitter,$55.00
1121309,5001,1402659,05/26/2024,10,email_new_user,$105.00
1121310,5014,1402585,05/17/2024,8,search_google,$80.00
1121311,5091,1402926,05/14/2024,4,affiliate_display,$225.00
1121312,5095,1402669,05/03/2024,8,search_google,$195.00
1121313,5012,1402527,05/27/2024,6,social_fb,$70.00
1121314,5000,1402540,05/03/2024,8,affiliate_text,$110.00
1121315,5058,1402820,05/23/2024,7,social_twitter,$95.00
1121316,5084,1403058,05/06/2024,7,affiliate_text,$85.00
1121317,5118,1402846,05/19/2024,11,email_existing,$60.00
1121318,5014,1402776,05/27/2024,7,email_newuser,$70.00
1121319,5038,1402771,05/07/2024,9,search_google,$165.00
1121320,5032,1402534,05/23/2024,10,social_twitter,$90.00
1121321,5066,1402789,05/31/2024,10,affiliate_display,$80.00
1121322,5017,1403036,05/21/2024,6,email_existing,$115.00
1121323,5067,1402606,05/23/2024,9,search_bing,$95.00
1121324,5017,1402787,05/07/2024,7,search_yahoo,$105.00
1121325,5079,1402614,05/21/2024,10,email_existing,$105.00
1121326,5102,1402540,06/21/2024,8,google_search,$190.00
1121327,5108,1402632,06/29/2024,10,email_new_user,$225.00
1121328,5026,1403062,06/22/2024,8,email_new_user,$95.00
1121329,5067,1402555,06/30/2024,7,search_google,$90.00
1121330,5109,1403025,06/16/2024,8,TikTok,$175.00
1121331,5106,1403008,06/14/2024,7,search_yahoo,$215.00
1121332,5026,1402553,06/04/2024,10,search_google,$110.00
1121333,5099,1402546,06/18/2024,8,email_new_user,$240.00
1121334,5124,1402638,06/22/2024,11,Google,$70.00
1121335,5048,1402759,06/21/2024,9,email_existing,$220.00
1121336,5132,1403005,06/30/2024,6,search_bing,$35.00
1121337,5012,1402658,06/24/2024,10,social_twitter,$80.00
1121338,5070,1402567,06/29/2024,5,Google Analytics,$130.00
1121339,5086,1402531,06/11/2024,8,social_twitter,$100.00
1121340,5131,1402672,06/18/2024,6,Yahoo,$55.00
1121341,5025,1402565,06/08/2024,12,social_fb,$100.00
1121342,5121,1402759,06/20/2024,11,affiliate_text,$45.00
1121343,5120,1402813,06/12/2024,11,email_newuser,$60.00
1121344,5056,1403017,06/01/2024,10,email_existing,$65.00
1121345,5045,1402723,06/12/2024,9,Yahoo,$110.00
1121346,5039,1403033,06/11/2024,11,email_newuser,$180.00
1121347,5009,1402595,06/06/2024,10,social_fb,$65.00
1121348,5130,1402670,06/19/2024,5,search_bing,$60.00
1121349,5044,1402534,06/20/2024,10,social_fb,$90.00
1121350,5110,1402567,06/19/2024,7,email_new_user,$215.00
1121351,5015,1402712,06/25/2024,9,social_twitter,$70.00
1121352,5129,1402897,06/03/2024,12,Bing,$75.00
1121353,5101,1402895,06/07/2024,6,email_existing,$205.00
1121354,5042,1403082,06/11/2024,10,email_existing,$80.00
1121355,5130,1402860,06/11/2024,10,email_new_user,$55.00
1121356,5047,1403094,06/21/2024,8,email_new_user,$70.00
1121357,5070,1402537,06/26/2024,8,search_bing,$110.00
1121358,5072,1402731,06/06/2024,7,email_existing,$100.00
1121359,5008,1402592,06/28/2024,7,search_google,$105.00
1121360,5052,1403090,06/14/2024,7,social_fb,$70.00
1121361,5056,1402723,06/25/2024,8,affiliate_display,$65.00
1121362,5045,1402533,06/28/2024,10,Google Analytics,$110.00
1121363,5061,1402993,06/04/2024,12,social_tiktok,$85.00
1121364,5119,1402937,06/22/2024,11,email_new_user,$55.00
1121365,5015,1402822,06/23/2024,8,email_new_user,$75.00
1121366,5009,1402695,06/30/2024,9,search_google,$65.00
1121367,5054,1402852,06/04/2024,11,affiliate_text,$80.00
1121368,5057,1402909,06/30/2024,9,social_fb,$70.00
1121369,5074,1402899,06/21/2024,8,google_search,$115.00
1121370,5021,1402608,06/11/2024,10,search_google,$60.00
1121371,5123,1402716,06/11/2024,10,email_new_user,$50.00
1121372,5067,1402977,06/22/2024,10,email_new_user,$95.00
1121373,5074,1403053,06/06/2024,10,Google Analytics,$135.00
1121374,5077,1402622,06/02/2024,7,email_newuser,$120.00
1121375,5026,1402640,06/25/2024,8,social_fb,$95.00
1121376,5062,1402529,06/03/2024,7,email_new_user,$120.00
1121377,5022,1403085,06/14/2024,10,email_existing,$90.00
1121378,5042,1402652,06/30/2024,9,affiliate_display,$70.00
1121379,5025,1402596,06/02/2024,5,email_newuser,$85.00
1121380,5064,1402568,06/30/2024,5,email_new_user,$60.00
1121381,5023,1402592,06/29/2024,9,social_fb,$55.00
1121382,5041,1402805,06/26/2024,15,email_existing,$195.00
1121383,5024,1402809,06/08/2024,7,email_newuser,$105.00
1121384,5119,1402658,06/20/2024,8,search_google,$55.00
1121385,5034,1402716,06/30/2024,10,Google Analytics,$245.00
1121386,5088,1402547,06/21/2024,9,email_new_user,$95.00
1121387,5021,1402835,06/24/2024,9,affiliate_text,$70.00
1121388,5117,1402610,06/06/2024,10,Bing,$55.00
1121389,5072,1402720,06/14/2024,10,Bing,$100.00
1121390,5088,1402817,06/16/2024,4,social_tiktok,$105.00
1121391,5037,1402721,06/03/2024,10,affiliate_text,$65.00
1121392,5012,1402761,06/01/2024,7,email_new_user,$85.00
1121393,5071,1402604,06/29/2024,13,email_existing,$50.00
1121394,5058,1402941,06/19/2024,6,search_google,$85.00
1121395,5022,1402772,06/04/2024,6,email_new_user,$100.00
1121396,5094,1402797,06/30/2024,8,Bing,$230.00
1121397,5122,1403046,06/16/2024,6,email_new_user,"$3,360.00"
1121398,5112,1402868,06/02/2024,9,email_existing,$145.00
1121399,5139,1402869,06/28/2024,12,social_tiktok,$60.00
1121400,5102,1402638,07/21/2024,9,social_twitter,$175.00
1121401,5071,1403022,07/21/2024,8,email_new_user,$60.00
1121402,5034,1402643,07/25/2024,12,affiliate_display,$210.00
1121403,5096,1402530,07/04/2024,9,search_bing,$205.00
1121404,5020,1402552,07/19/2024,8,search_google,$95.00
1121405,5053,1403058,07/04/2024,7,social_fb,$95.00
1121406,5087,1402794,07/18/2024,7,search_google,$220.00
1121407,5015,1402759,07/31/2024,9,email_new_user,$65.00
1121408,5043,1402783,07/03/2024,9,email_existing,$225.00
1121409,5057,1402764,07/28/2024,10,affiliate_display,$70.00
1121410,5083,1402794,07/13/2024,7,Google Analytics,$95.00
1121411,5103,1402966,07/24/2024,9,Yahoo,$250.00
1121412,5064,1402566,07/31/2024,12,google_search,$55.00
1121413,5080,1402961,07/05/2024,8,search_google,$100.00
1121414,5048,1402586,07/18/2024,10,affiliate_text,$220.00
1121415,5022,1402828,07/06/2024,7,affiliate_text,$90.00
1121416,5049,1403001,07/31/2024,12,search_yahoo,$55.00
1121417,5009,1402586,07/13/2024,7,social_tiktok,$65.00
1121418,5103,1402981,07/30/2024,7,social_fb,$215.00
1121419,5113,1402840,07/07/2024,8,GA,$160.00
1121420,5133,1402901,07/21/2024,10,social_fb,$35.00
1121421,5023,1402609,07/12/2024,10,social_twitter,$55.00
1121422,5076,1403041,07/02/2024,9,search_google,$100.00
1121423,5095,1402882,07/17/2024,8,social_fb,$180.00
1121424,5085,1402600,07/01/2024,9,search_google,$80.00
1121425,5108,1402733,07/21/2024,10,social_twitter,$205.00
1121426,5121,1402808,07/23/2024,8,Google Analytics,$45.00
1121427,5008,1402764,07/27/2024,9,affiliate_display,$105.00
1121428,5067,1403018,07/26/2024,7,social_fb,$90.00
1121429,5046,1403085,07/08/2024,8,Google,$55.00
1121430,5067,1402685,07/08/2024,9,search_google,$105.00
1121431,5091,1403098,07/15/2024,7,Google,$210.00
1121432,5130,1402659,07/02/2024,13,affiliate_text,$55.00
1121433,5050,1402897,07/15/2024,8,affiliate_display,$80.00
1121434,5104,1402726,07/08/2024,9,GA,$190.00
1121435,5138,1402570,07/09/2024,10,Facebook,$50.00
1121436,5130,1402857,07/23/2024,8,TikTok,$55.00
1121437,5029,1402636,07/01/2024,7,email_new_user,$100.00
1121438,5045,1403090,07/09/2024,8,affiliate_text,$130.00
1121439,5082,1402960,07/04/2024,9,search_google,$75.00
1121440,5131,1402718,07/08/2024,10,affiliate_text,$55.00
1121441,5093,1402988,07/03/2024,8,search_bing,$55.00
1121442,5115,1403105,07/26/2024,7,email_existing,$165.00
1121443,5078,1402944,07/30/2024,4,search_bing,$80.00
1121444,5135,1402573,07/10/2024,8,search_google,$35.00
1121445,5102,1402576,07/04/2024,9,social_fb,$200.00
1121446,5097,1402863,07/15/2024,9,email_new_user,$170.00
1121447,5055,1402645,07/17/2024,8,email_new_user,$215.00
1121448,5062,1403064,07/23/2024,6,email_existing,$105.00
1121449,5033,1402814,07/31/2024,13,search_bing,$85.00
1121450,5005,1402533,07/24/2024,8,Google Analytics,$120.00
1121451,5070,1402728,07/07/2024,9,Bing,$120.00
1121452,5108,1402830,07/08/2024,5,email_existing,$225.00
1121453,5092,1402613,07/28/2024,11,email_new_user,$210.00
1121454,5045,1402628,07/22/2024,10,search_google,$120.00
1121455,5019,1402623,07/11/2024,10,search_google,$75.00
1121456,5120,1402973,07/20/2024,8,Google,$50.00
1121457,5137,1402968,07/17/2024,10,Google Analytics,$30.00
1121458,5048,1402981,07/10/2024,8,email_new_user,$220.00
1121459,5051,1402800,07/22/2024,5,FB,$75.00
1121460,5137,1402991,07/27/2024,9,search_google,$25.00
1121461,5034,1403104,07/20/2024,8,email_newuser,$225.00
1121462,5014,1402669,07/23/2024,8,search_google,$70.00
1121463,5099,1402695,07/19/2024,7,search_google,$205.00
1121464,5093,1402907,07/29/2024,10,email_newuser,$50.00
1121465,5007,1402873,07/02/2024,8,affiliate_text,$60.00
1121466,5116,1403105,07/16/2024,9,social_fb,$180.00
1121467,5127,1403085,07/05/2024,10,affiliate_text,$45.00
1121468,5083,1403093,07/15/2024,7,affiliate_display,$105.00
1121469,5043,1403096,07/10/2024,5,email_existing,$225.00
1121470,5008,1402737,07/04/2024,13,google_search,$115.00
1121471,5093,1402868,07/16/2024,10,search_google,$50.00
1121472,5132,1402706,07/02/2024,6,social_fb,$30.00
1121473,5071,1402854,07/02/2024,7,email_new_user,$50.00
1121474,5137,1402963,07/31/2024,10,search_google,$30.00
1121475,5095,1402966,07/27/2024,10,search_google,$180.00
1121476,5016,1402657,07/09/2024,11,Facebook Ads,$60.00
1121477,5061,1402575,07/09/2024,9,affiliate_text,$85.00
1121478,5104,1402661,07/18/2024,9,Google,$190.00
1121479,5064,1402801,07/15/2024,8,search_google,$55.00
1121480,5001,1403105,07/02/2024,9,search_yahoo,$95.00
1121481,5036,1402808,07/23/2024,10,affiliate_text,$200.00
1121482,5034,1402702,07/05/2024,7,search_bing,$225.00
1121483,5108,1402657,07/30/2024,7,email_new_user,$205.00
1121484,5138,1402656,07/02/2024,8,email_newuser,$50.00
1121485,5135,1402541,07/15/2024,10,email_newuser,$35.00
1121486,5058,1402866,08/29/2024,10,Google,$90.00
1121487,5139,1403095,08/05/2024,6,search_yahoo,$60.00
1121488,5037,1402846,08/24/2024,10,affiliate_text,$70.00
1121489,5119,1403031,08/26/2024,8,email_new_user,$50.00
1121490,5084,1402602,08/03/2024,8,search_google,$85.00
1121491,5091,1403045,08/08/2024,8,email_new_user,$210.00
1121492,5014,1402600,08/02/2024,10,Google Analytics,$70.00
1121493,5120,1402834,08/27/2024,10,search_google,$55.00
1121494,5113,1402882,08/19/2024,10,Google Analytics,$175.00
1121495,5031,1403049,08/16/2024,11,social_fb,$85.00
1121496,5094,1402651,08/28/2024,10,email_existing,$215.00
1121497,5111,1402866,08/18/2024,12,Facebook,$155.00
1121498,5052,1402753,08/24/2024,8,search_google,$65.00
1121499,5001,1402944,08/30/2024,9,email_newuser,$90.00
1121500,5056,1402882,08/09/2024,7,GA,$65.00
1121501,5111,1402594,08/18/2024,6,search_yahoo,$180.00
1121502,5054,1402697,08/05/2024,8,affiliate_display,$70.00
1121503,5067,1402621,08/07/2024,8,Google,$90.00
1121504,5103,1402998,08/13/2024,9,social_fb,$215.00
1121505,5030,1402734,08/06/2024,8,email_existing,$105.00
1121506,5121,1403039,08/07/2024,8,search_google,$40.00
1121507,5088,1402923,08/19/2024,6,Bing,$95.00
1121508,5001,1402705,08/22/2024,9,social_fb,$95.00
1121509,5111,1402795,08/03/2024,7,social_fb,$165.00
1121510,5057,1402627,08/10/2024,10,email_new_user,$70.00
1121511,5011,1402822,08/02/2024,8,search_google,$100.00
1121512,5116,1402560,08/06/2024,9,email_existing,$180.00
1121513,5068,1402935,08/06/2024,6,search_yahoo,$95.00
1121514,5050,1402872,08/10/2024,11,email_new_user,$80.00
1121515,5125,1403080,08/23/2024,7,email_new_user,$40.00
1121516,5007,1402690,08/14/2024,6,email_new_user,$60.00
1121517,5056,1402568,08/15/2024,11,social_fb,$60.00
1121518,5139,1402779,08/04/2024,10,search_google,$55.00
1121519,5122,1403007,08/09/2024,10,email_existing,$35.00
1121520,5022,1403043,08/16/2024,8,affiliate_text,$90.00
1121521,5079,1402839,08/12/2024,5,Google Analytics,$115.00
1121522,5037,1402784,08/04/2024,8,email_existing,$65.00
1121523,5075,1402587,08/13/2024,6,search_google,$95.00
1121524,5082,1402759,08/08/2024,10,email_new_user,$75.00
1121525,5034,1402785,08/23/2024,11,social_fb,$210.00
1121526,5029,1402841,08/04/2024,8,social_tiktok,$100.00
1121527,5077,1402545,08/17/2024,5,FB,$120.00
1121528,5079,1402610,08/06/2024,9,email_new_user,$105.00
1121529,5068,1402986,08/07/2024,8,affiliate_text,$95.00
1121530,5134,1403035,08/15/2024,7,FB,$30.00
1121531,5006,1402863,08/26/2024,13,Bing,$80.00
1121532,5056,1402529,08/05/2024,10,social_twitter,$70.00
1121533,5023,1402841,08/13/2024,11,social_twitter,$55.00
1121534,5084,1402661,08/13/2024,11,search_google,$80.00
1121535,5126,1402794,08/21/2024,8,search_google,$50.00
1121536,5090,1402873,08/29/2024,9,search_bing,$65.00
1121537,5023,1403064,08/27/2024,15,affiliate_display,$55.00
1121538,5089,1402845,08/13/2024,7,email_new_user,$185.00
1121539,5121,1402864,08/14/2024,8,Twitter,$40.00
1121540,5103,1403016,08/19/2024,8,email_newuser,$250.00
1121541,5137,1402931,08/12/2024,12,email_existing,$30.00
1121542,5048,1403088,08/27/2024,5,GA,$190.00
1121543,5050,1402659,08/09/2024,8,email_newuser,$90.00
1121544,5102,1402715,08/16/2024,5,social_fb,$175.00
1121545,5018,1402530,08/19/2024,9,email_existing,$90.00
1121546,5033,1402595,08/25/2024,8,search_google,$90.00
1121547,5052,1402813,08/17/2024,10,Google,$70.00
1121548,5098,1402539,08/22/2024,7,Google,$225.00
1121549,5098,1402863,08/26/2024,9,email_new_user,$210.00
1121550,5062,1402585,08/22/2024,5,email_new_user,$110.00
1121551,5019,1402788,08/08/2024,7,search_bing,$85.00
1121552,5049,1402626,08/22/2024,6,GA,$50.00
1121553,5136,1403003,08/13/2024,12,search_bing,$35.00
1121554,5041,1403045,08/20/2024,10,email_existing,$215.00
1121555,5059,1403025,08/17/2024,7,social_twitter,$80.00
1121556,5121,1403096,09/08/2024,12,social_twitter,$40.00
1121557,5068,1402801,09/16/2024,7,affiliate_display,$95.00
1121558,5047,1402612,09/15/2024,9,affiliate_display,$70.00
1121559,5109,1402981,09/27/2024,6,search_bing,$190.00
1121560,5122,1402895,09/09/2024,10,TikTok,$35.00
1121561,5108,1402881,09/24/2024,8,email_new_user,$240.00
1121562,5070,1402757,09/22/2024,9,social_twitter,$120.00
1121563,5028,1402884,09/20/2024,8,affiliate_display,$65.00
1121564,5108,1402952,09/14/2024,12,social_fb,$225.00
1121565,5047,1402821,09/30/2024,6,search_google,$70.00
1121566,5063,1402845,09/02/2024,6,Google,$80.00
1121567,5117,1402968,09/22/2024,10,social_fb,$65.00
1121568,5109,1402871,09/12/2024,9,social_tiktok,$190.00
1121569,5133,1402957,09/21/2024,10,email_new_user,$30.00
1121570,5015,1402837,09/08/2024,9,Yahoo,$70.00
1121571,5093,1402710,09/06/2024,10,affiliate_text,$45.00
1121572,5103,1403101,09/04/2024,9,email_existing,$230.00
1121573,5113,1402686,09/30/2024,8,affiliate_display,$160.00
1121574,5012,1403044,09/30/2024,8,social_fb,$85.00
1121575,5039,1402730,09/04/2024,7,GA,$195.00
1121576,5116,1402624,09/23/2024,11,Bing,$195.00
1121577,5123,1402756,09/27/2024,9,GA,$55.00
1121578,5033,1402655,09/06/2024,9,email_existing,$85.00
1121579,5011,1402804,09/01/2024,9,google_search,$95.00
1121580,5073,1402980,09/23/2024,7,search_google,$55.00
1121581,5054,1402746,09/02/2024,9,Google Analytics,$80.00
1121582,5106,1402859,09/14/2024,6,social_fb,$185.00
1121583,5065,1402620,09/04/2024,10,email_existing,$110.00
1121584,5130,1402903,09/12/2024,11,social_fb,$55.00
1121585,5100,1403075,09/07/2024,5,affiliate_text,$200.00
1121586,5010,1402692,09/04/2024,12,affiliate_display,$80.00
1121587,5026,1402997,09/01/2024,9,search_google,$95.00
1121588,5101,1403096,09/15/2024,8,email_existing,$205.00
1121589,5133,1402645,09/21/2024,10,email_existing,$35.00
1121590,5063,1403052,09/22/2024,12,Google,$90.00
1121591,5130,1402614,09/23/2024,9,affiliate_text,$60.00
1121592,5027,1402713,09/28/2024,10,affiliate_display,$110.00
1121593,5121,1403098,09/26/2024,8,affiliate_text,$45.00
1121594,5097,1402584,09/17/2024,8,Bing,$200.00
1121595,5121,1402561,09/08/2024,7,Facebook Ads,$40.00
1121596,5120,1402991,09/27/2024,6,GA,$50.00
1121597,5071,1402817,09/07/2024,12,search_google,$50.00
1121598,5069,1402810,09/05/2024,10,search_yahoo,$95.00
1121599,5057,1402914,09/04/2024,5,social_tiktok,$75.00
1121600,5083,1402833,09/01/2024,5,search_google,$95.00
1121601,5017,1403065,09/25/2024,11,search_bing,$100.00
1121602,5081,1402893,09/10/2024,6,Google Analytics,$75.00
1121603,5123,1402598,09/07/2024,12,search_google,$50.00
1121604,5124,1402691,09/29/2024,11,FB,$60.00
1121605,5070,1402802,09/30/2024,7,social_tiktok,$120.00
1121606,5091,1402586,09/25/2024,9,email_existing,$245.00
1121607,5039,1402866,09/24/2024,8,affiliate_display,$180.00
1121608,5045,1402938,09/04/2024,11,social_tiktok,$130.00
1121609,5022,1402747,09/01/2024,10,affiliate_display,$100.00
1121610,5042,1402956,09/17/2024,9,email_existing,$70.00
1121611,5059,1403056,09/09/2024,8,email_existing,$70.00
1121612,5011,1402910,09/27/2024,10,email_existing,$100.00
1121613,5053,1402560,09/24/2024,11,Facebook Ads,$95.00
1121614,5026,1402748,09/02/2024,10,Google,$100.00
1121615,5074,1402634,09/17/2024,7,search_yahoo,$135.00
1121616,5003,1403077,09/22/2024,12,Google Analytics,$100.00
1121617,5108,1402644,09/20/2024,7,GA,$205.00
1121618,5132,1402727,09/12/2024,11,email_existing,$30.00
1121619,5025,1402792,09/15/2024,10,Yahoo,$95.00
1121620,5066,1402724,09/30/2024,7,search_google,$70.00
1121621,5118,1402709,09/18/2024,12,search_google,$50.00
1121622,5103,1402654,09/02/2024,8,affiliate_text,$215.00
1121623,5051,1402867,09/17/2024,9,social_fb,$70.00
1121624,5043,1402529,09/16/2024,11,email_newuser,$210.00
1121625,5002,1402971,09/30/2024,7,search_bing,$95.00
1121626,5081,1402659,09/23/2024,9,search_google,$85.00
1121627,5050,1402609,09/21/2024,7,search_google,$80.00
1121628,5089,1402746,09/08/2024,7,email_existing,$170.00
1121629,5108,1402682,09/01/2024,7,email_existing,$205.00
1121630,5084,1402705,09/27/2024,7,social_fb,$85.00
1121631,5115,1402741,09/19/2024,8,email_existing,$180.00
1121632,5077,1402745,09/11/2024,8,affiliate_text,$110.00
1121633,5012,1402699,09/18/2024,7,search_google,$70.00
1121634,5126,1402593,09/10/2024,10,search_google,$45.00
1121635,5034,1402662,09/02/2024,8,social_fb,$245.00
1121636,5061,1403075,09/15/2024,8,search_google,$80.00
1121637,5138,1402839,09/13/2024,8,email_new_user,$40.00
1121638,5049,1402721,09/29/2024,10,search_bing,$50.00
1121639,5001,1402817,09/08/2024,11,affiliate_display,$90.00
1121640,5089,1402617,09/17/2024,11,email_new_user,$185.00
1121641,5070,1402942,09/08/2024,8,affiliate_text,$130.00
1121642,5049,1402683,09/02/2024,7,search_google,$60.00
1121643,5098,1403089,09/24/2024,8,email_existing,$210.00
1121644,5103,1402779,09/20/2024,9,Google Analytics,$250.00
1121645,5047,1402846,09/09/2024,7,email_existing,$80.00
1121646,5029,1403101,09/11/2024,8,search_google,$100.00
1121647,5066,1403066,09/04/2024,7,email_existing,$75.00
1121648,5082,1402985,09/11/2024,10,social_fb,$70.00
1121649,5061,1402679,10/26/2024,7,email_new_user,$70.00
1121650,5017,1402713,10/17/2024,8,email_existing,$105.00
1121651,5101,1402664,10/10/2024,6,Bing,$205.00
1121652,5091,1402789,10/10/2024,8,affiliate_text,$210.00
1121653,5047,1402983,10/17/2024,10,social_fb,$70.00
1121654,5034,1402927,10/05/2024,8,email_new_user,$225.00
1121655,5063,1402894,10/09/2024,6,search_google,$90.00
1121656,5044,1403006,10/25/2024,8,social_fb,$80.00
1121657,5103,1403081,10/01/2024,10,search_bing,$250.00
1121658,5083,1402607,10/04/2024,10,email_new_user,$105.00
1121659,5049,1403088,10/24/2024,11,Bing,$60.00
1121660,5105,1403037,10/25/2024,5,social_fb,$210.00
1121661,5048,1402853,10/07/2024,10,email_existing,$190.00
1121662,5079,1402593,10/30/2024,10,search_google,$105.00
1121663,5126,1402833,10/01/2024,9,social_fb,$50.00
1121664,5026,1402866,10/22/2024,10,social_fb,$95.00
1121665,5130,1403064,10/05/2024,9,search_google,$55.00
1121666,5025,1402551,10/22/2024,10,email_existing,$100.00
1121667,5084,1403038,10/03/2024,5,Twitter,$95.00
1121668,5105,1403083,10/16/2024,11,Facebook,$190.00
1121669,5038,1402759,10/09/2024,8,Google Analytics,$165.00
1121670,5131,1402585,10/12/2024,12,search_google,$60.00
1121671,5112,1402691,10/20/2024,9,search_bing,$155.00
1121672,5038,1402588,10/20/2024,10,email_existing,$195.00
1121673,5075,1402785,10/15/2024,9,affiliate_display,$90.00
1121674,5077,1403036,10/18/2024,8,search_google,$120.00
1121675,5101,1402816,10/17/2024,5,search_google,$220.00
1121676,5049,1402600,10/18/2024,13,search_google,$50.00
1121677,5076,1402623,10/18/2024,9,TikTok,$100.00
1121678,5118,1402693,10/23/2024,10,search_google,$50.00
1121679,5080,1403014,10/19/2024,9,google_search,$120.00
1121680,5006,1402861,10/06/2024,11,email_existing,$75.00
1121681,5026,1402595,10/16/2024,6,search_google,$110.00
1121682,5114,1402762,10/06/2024,10,google_search,$150.00
1121683,5033,1403042,10/18/2024,8,Google,$95.00
1121684,5107,1403079,10/16/2024,9,Google,$230.00
1121685,5106,1402555,10/31/2024,11,google_search,$200.00
1121686,5073,1402708,10/08/2024,7,email_existing,$50.00
1121687,5014,1402772,10/01/2024,8,Bing,$80.00
1121688,5053,1402770,10/18/2024,5,social_tiktok,$105.00
1121689,5030,1402839,10/08/2024,11,email_existing,$90.00
1121690,5024,1402932,10/05/2024,7,social_fb,$115.00
1121691,5049,1402945,10/11/2024,10,social_twitter,$50.00
1121692,5011,1402872,10/29/2024,10,affiliate_text,$95.00
1121693,5007,1402684,10/04/2024,7,Bing,$55.00
1121694,5098,1402775,10/01/2024,9,search_google,$195.00
1121695,5008,1402794,10/01/2024,11,Bing,$115.00
1121696,5107,1402814,10/06/2024,9,affiliate_text,$230.00
1121697,5012,1402572,10/11/2024,7,email_existing,$85.00
1121698,5090,1402691,10/12/2024,11,email_new_user,$75.00
1121699,5096,1402922,10/14/2024,9,search_bing,$220.00
1121700,5109,1402849,10/26/2024,9,Twitter,$190.00
1121701,5035,1402628,10/31/2024,11,Google,$70.00
1121702,5051,1402600,10/14/2024,8,email_new_user,$80.00
1121703,5029,1403102,10/14/2024,7,email_existing,$120.00
1121704,5006,1402871,10/29/2024,9,social_tiktok,$75.00
1121705,5097,1402534,10/26/2024,5,search_bing,$185.00
1121706,5026,1402936,10/15/2024,8,social_fb,$100.00
1121707,5100,1402806,10/29/2024,11,social_fb,$170.00
1121708,5108,1402689,10/15/2024,10,affiliate_display,$205.00
1121709,5039,1402594,10/10/2024,10,Google,$165.00
1121710,5057,1402816,10/03/2024,9,FB,$85.00
1121711,5137,1403037,10/06/2024,8,email_existing,$30.00
1121712,5011,1402560,10/21/2024,8,search_google,$95.00
1121713,5139,1402750,10/27/2024,7,search_google,$60.00
1121714,5015,1402673,10/11/2024,9,google_search,$75.00
1121715,5049,1403024,10/18/2024,9,affiliate_text,$55.00
1121716,5026,1402769,10/06/2024,8,email_newuser,$110.00
1121717,5088,1403089,10/02/2024,6,TikTok,$90.00
1121718,5101,1402566,10/21/2024,9,search_google,$220.00
1121719,5104,1402999,10/02/2024,10,social_twitter,$220.00
1121720,5069,1402690,10/22/2024,10,email_existing,$110.00
1121721,5077,1402745,10/01/2024,5,affiliate_display,$120.00
1121722,5130,1402769,10/22/2024,10,Google Analytics,$55.00
1121723,5092,1402878,10/08/2024,8,search_google,$180.00
1121724,5100,1402571,10/31/2024,8,search_google,$185.00
1121725,5089,1402901,10/05/2024,9,Bing,$170.00
1121726,5001,1402989,10/08/2024,9,email_new_user,$105.00
1121727,5066,1402798,10/06/2024,9,search_google,$75.00
1121728,5015,1402793,10/06/2024,9,email_existing,$75.00
1121729,5032,1402967,10/22/2024,11,email_new_user,$105.00
1121730,5049,1402890,10/15/2024,9,social_fb,$55.00
1121731,5130,1403097,10/16/2024,9,social_fb,$55.00
1121732,5018,1403006,10/03/2024,11,search_google,$75.00
1121733,5046,1402602,10/22/2024,12,Google,$45.00
1121734,5116,1402803,10/05/2024,9,email_existing,$195.00
1121735,5016,1402602,10/19/2024,12,Google,$55.00
1121736,5062,1402991,10/12/2024,9,social_tiktok,$120.00
1121737,5123,1402919,10/03/2024,11,email_existing,$55.00
1121738,5133,1402726,10/04/2024,7,social_tiktok,$35.00
1121739,5099,1402757,10/01/2024,5,email_new_user,$225.00
1121740,5001,1403068,10/22/2024,12,search_google,$95.00
1121741,5011,1402613,10/03/2024,7,search_google,$95.00
1121742,5016,1402920,10/05/2024,8,search_google,$60.00
1121743,5108,1402877,10/04/2024,6,email_existing,$225.00
1121744,5095,1402835,10/10/2024,8,email_new_user,$180.00
1121745,5052,1402705,10/11/2024,10,email_existing,$75.00
1121746,5001,1403056,10/19/2024,9,affiliate_text,$95.00
1121747,5030,1402980,10/02/2024,10,Facebook,$105.00
1121748,5055,1402980,10/26/2024,13,email_existing,$235.00
1121749,5055,1402669,11/27/2024,5,affiliate_text,$200.00
1121750,5040,1402739,11/29/2024,5,affiliate_display,$85.00
1121751,5027,1403059,11/14/2024,5,email_newuser,$110.00
1121752,5045,1403021,11/12/2024,9,GA,$130.00
1121753,5076,1402780,11/12/2024,8,search_google,$120.00
1121754,5053,1403013,11/27/2024,10,search_google,$105.00
1121755,5067,1402846,11/11/2024,6,affiliate_text,$105.00
1121756,5140,1403009,11/06/2024,6,search_yahoo,$40.00
1121757,5090,1403076,11/11/2024,7,email_existing,$65.00
1121758,5069,1402601,11/12/2024,8,social_fb,$105.00
1121759,5058,1402675,11/21/2024,7,social_fb,$95.00
1121760,5001,1402573,11/28/2024,12,social_twitter,$95.00
1121761,5095,1402872,11/13/2024,8,email_existing,$195.00
1121762,5080,1402644,11/17/2024,10,social_fb,$100.00
1121763,5053,1403034,11/10/2024,8,email_existing,$105.00
1121764,5124,1402986,11/22/2024,11,social_tiktok,$60.00
1121765,5028,1402927,11/01/2024,7,email_existing,$70.00
1121766,5111,1402607,11/16/2024,9,affiliate_text,$155.00
1121767,5036,1402714,11/05/2024,10,search_google,$230.00
1121768,5006,1402644,11/20/2024,8,social_fb,$80.00
1121769,5014,1403098,11/28/2024,8,search_bing,$65.00
1121770,5063,1402906,11/07/2024,9,search_google,$95.00
1121771,5058,1402796,11/12/2024,8,google_search,$90.00
1121772,5005,1402648,11/23/2024,11,search_google,$130.00
1121773,5137,1402799,11/01/2024,9,social_tiktok,$25.00
1121774,5123,1402608,11/25/2024,11,email_existing,$50.00
1121775,5121,1402644,11/03/2024,8,email_existing,$45.00
1121776,5124,1402577,11/28/2024,12,google_search,$70.00
1121777,5037,1402968,11/13/2024,9,email_existing,$80.00
1121778,5084,1402707,11/26/2024,10,email_existing,$85.00
1121779,5018,1402878,11/15/2024,10,Google Analytics,$80.00
1121780,5105,1402731,11/07/2024,7,search_google,$210.00
1121781,5140,1403080,11/23/2024,10,affiliate_display,$45.00
1121782,5118,1402888,11/03/2024,5,search_google,$55.00
1121783,5003,1402563,11/30/2024,7,social_fb,$110.00
1121784,5133,1402788,11/15/2024,5,email_existing,$30.00
1121785,5055,1402583,11/02/2024,7,email_new_user,$235.00
1121786,5098,1402867,11/17/2024,7,Yahoo,$225.00
1121787,5056,1402989,11/05/2024,11,email_new_user,$65.00
1121788,5094,1402641,11/11/2024,9,email_existing,$230.00
1121789,5135,1403031,11/03/2024,9,email_existing,$30.00
1121790,5067,1402688,11/30/2024,7,TikTok,$95.00
1121791,5075,1402632,11/05/2024,10,search_google,$90.00
1121792,5094,1402855,11/03/2024,10,email_existing,$215.00
1121793,5070,1403050,11/12/2024,6,search_google,$110.00
1121794,5057,1402658,11/15/2024,5,search_google,$75.00
1121795,5067,1402787,11/17/2024,7,email_existing,$90.00
1121796,5026,1402920,11/17/2024,8,search_google,$95.00
1121797,5041,1402654,11/02/2024,9,social_fb,$230.00
1121798,5062,1402994,11/27/2024,7,social_fb,$110.00
1121799,5109,1402831,11/14/2024,6,search_google,$205.00
1121800,5022,1402725,11/06/2024,8,email_existing,$90.00
1121801,5074,1402546,11/08/2024,7,google_search,$125.00
1121802,5127,1402968,11/01/2024,6,Google Analytics,$40.00
1121803,5127,1402593,11/28/2024,9,email_new_user,$40.00
1121804,5016,1403054,11/09/2024,10,email_existing,$55.00
1121805,5139,1402940,11/13/2024,10,Bing,$65.00
1121806,5137,1402865,11/04/2024,11,email_existing,$30.00
1121807,5078,1402961,11/11/2024,7,affiliate_text,$80.00
1121808,5008,1402912,11/14/2024,11,email_existing,$125.00
1121809,5017,1403040,11/09/2024,5,affiliate_display,$115.00
1121810,5105,1402827,11/01/2024,4,email_new_user,$190.00
1121811,5115,1402648,11/11/2024,6,search_google,$165.00
1121812,5033,1402906,11/04/2024,10,email_existing,$90.00
1121813,5029,1402892,11/29/2024,9,search_google,$120.00
1121814,5123,1403020,11/24/2024,11,Google,$60.00
1121815,5017,1403022,11/13/2024,8,search_google,$105.00
1121816,5022,1402740,11/25/2024,10,Google,$90.00
1121817,5071,1402852,11/03/2024,9,social_tiktok,$60.00
1121818,5127,1402891,11/21/2024,9,FB,$45.00
1121819,5107,1402998,11/14/2024,5,search_bing,$200.00
1121820,5027,1402941,11/08/2024,10,affiliate_display,$130.00
1121821,5037,1402523,11/17/2024,10,email_new_user,$70.00
1121822,5109,1402644,11/13/2024,5,affiliate_display,$190.00
1121823,5098,1402801,11/29/2024,9,email_existing,$225.00
1121824,5124,1402857,11/09/2024,9,Twitter,$60.00
1121825,5079,1402824,11/09/2024,8,email_newuser,$105.00
1121826,5018,1402598,11/24/2024,9,search_bing,$80.00
1121827,5014,1402579,11/05/2024,11,email_new_user,$80.00
1121828,5097,1402698,11/30/2024,7,affiliate_text,$200.00
1121829,5040,1402791,11/08/2024,8,social_twitter,$90.00
1121830,5122,1402704,11/05/2024,11,google_search,$40.00
1121831,5032,1402713,11/19/2024,11,email_existing,$100.00
1121832,5091,1402814,11/12/2024,9,email_newuser,$210.00
1121833,5026,1402664,11/23/2024,7,email_existing,$100.00
1121834,5009,1402605,11/27/2024,10,social_tiktok,$70.00
1121835,5114,1402925,12/21/2024,10,email_existing,$160.00
1121836,5016,1402899,12/11/2024,11,search_google,$55.00
1121837,5046,1402980,12/06/2024,11,social_tiktok,$50.00
1121838,5077,1403046,12/12/2024,7,google_search,$120.00
1121839,5118,1403024,12/30/2024,14,social_tiktok,$50.00
1121840,5030,1402560,12/12/2024,11,search_google,$95.00
1121841,5091,1402963,12/25/2024,6,email_existing,$210.00
1121842,5062,1403093,12/24/2024,10,social_fb,$120.00
1121843,5000,1402794,12/17/2024,9,Google Analytics,$100.00
1121844,5118,1402976,12/19/2024,8,email_existing,$60.00
1121845,5132,1402956,12/25/2024,6,email_existing,$30.00
1121846,5014,1402619,12/12/2024,11,search_google,$70.00
1121847,5078,1402992,12/15/2024,13,email_new_user,$80.00
1121848,5095,1402901,12/16/2024,8,affiliate_text,$210.00
1121849,5029,1402683,12/07/2024,9,search_google,$110.00
1121850,5098,1402825,12/05/2024,9,search_bing,$210.00
1121851,5067,1402721,12/24/2024,8,search_yahoo,$90.00
1121852,5074,1402923,12/03/2024,10,social_tiktok,$115.00
1121853,5137,1402609,12/26/2024,10,Yahoo,$30.00
1121854,5109,1402693,12/30/2024,10,search_google,$190.00
1121855,5020,1402673,12/26/2024,10,email_existing,$95.00
1121856,5107,1402755,12/31/2024,10,email_existing,$230.00
1121857,5095,1403051,12/02/2024,8,search_google,$180.00
1121858,5046,1402975,12/16/2024,7,search_google,$50.00
1121859,5053,1402984,12/18/2024,7,search_google,$95.00
1121860,5119,1402581,12/21/2024,8,Google,$60.00
1121861,5047,1402921,12/01/2024,9,search_bing,$70.00
1121862,5130,1402887,12/13/2024,9,social_tiktok,$55.00
1121863,5102,1403004,12/22/2024,9,search_bing,$175.00
1121864,5124,1402770,12/03/2024,10,social_tiktok,$60.00
1121865,5098,1402981,12/05/2024,6,Facebook,$225.00
1121866,5124,1402867,12/18/2024,11,email_existing,$65.00
1121867,5046,1402661,12/22/2024,9,search_google,$50.00
1121868,5102,1402727,12/21/2024,6,affiliate_text,$190.00
1121869,5036,1402934,12/03/2024,8,affiliate_display,$230.00
1121870,5101,1402949,12/22/2024,11,affiliate_display,$240.00
1121871,5110,1402966,12/06/2024,8,email_new_user,$200.00
1121872,5037,1403086,12/16/2024,11,search_google,$65.00
1121873,5082,1402622,12/01/2024,8,social_fb,$75.00
1121874,5042,1402600,12/06/2024,12,affiliate_text,$80.00
1121875,5052,1403089,12/20/2024,9,Bing,$70.00
1121876,5074,1402550,12/07/2024,8,email_existing,$125.00
1121877,5117,1402744,12/22/2024,10,affiliate_text,$60.00
1121878,5025,1402750,12/08/2024,11,email_existing,$95.00
1121879,5039,1403058,12/05/2024,8,Bing,$165.00
1121880,5077,1403001,12/14/2024,10,TikTok,$100.00
1121881,5050,1402928,12/24/2024,9,social_twitter,$80.00
1121882,5139,1403019,12/20/2024,12,search_google,$60.00
1121883,5130,1402933,12/24/2024,9,email_existing,$55.00
1121884,5052,1402843,12/11/2024,6,search_google,$70.00
1121885,5136,1402629,12/19/2024,8,email_existing,$35.00
1121886,5067,1403071,12/19/2024,7,search_google,$95.00
1121887,5096,1403066,12/28/2024,9,affiliate_display,$190.00
1121888,5052,1402703,12/29/2024,7,search_google,$70.00
1121889,5120,1403048,12/17/2024,11,Bing,$60.00
1121890,5038,1402899,12/01/2024,10,email_existing,$165.00
1121891,5097,1402977,12/14/2024,5,search_google,$170.00
1121892,5096,1402531,12/23/2024,9,email_existing,$190.00
1121893,5091,1402577,12/19/2024,12,search_google,$210.00
1121894,5075,1402825,12/12/2024,8,search_google,$95.00
1121895,5137,1402975,12/08/2024,8,affiliate_text,$25.00
1121896,5019,1402613,12/11/2024,13,email_existing,$90.00
1121897,5113,1402583,12/03/2024,7,affiliate_text,$190.00
1121898,5085,1402947,12/24/2024,5,Google,$75.00
1121899,5017,1402536,12/09/2024,9,social_fb,$100.00
1121900,5140,1402999,12/22/2024,8,email_new_user,$40.00
1121901,5073,1402918,12/16/2024,8,social_fb,$55.00
1121902,5087,1402627,12/22/2024,9,Google,$190.00
1121903,5072,1402635,12/15/2024,11,email_existing,$95.00
1121904,5101,1403053,12/02/2024,10,affiliate_display,$240.00
1121905,5056,1402799,12/02/2024,9,email_existing,$65.00
1121906,5083,1402569,12/06/2024,4,email_new_user,$105.00
1121907,5021,1402677,12/13/2024,8,affiliate_display,$65.00
1121908,5053,1402626,12/27/2024,9,social_twitter,$105.00
1121909,5140,1403041,12/26/2024,9,affiliate_display,$40.00
1121910,5086,1402774,12/28/2024,8,email_new_user,$105.00
1121911,5125,1402887,12/09/2024,11,search_google,$40.00
1121912,5112,1402775,12/19/2024,9,email_existing,$165.00
1121913,5078,1402651,12/06/2024,10,search_google,$80.00
1121914,5048,1402746,12/26/2024,7,social_fb,$190.00
1121915,5031,1402863,12/30/2024,9,search_google,$75.00
1121916,5038,1402878,12/31/2024,11,social_twitter,$195.00
1121917,5018,1402564,12/11/2024,8,search_bing,$75.00
1121918,5064,1402662,12/07/2024,9,search_google,$55.00
1121919,5116,1402859,12/07/2024,7,google_search,$165.00
1121920,5064,1402602,12/10/2024,8,email_new_user,$60.00
1121921,5016,1402928,12/16/2024,8,email_existing,$60.00
1121922,5029,1402813,12/31/2024,10,affiliate_display,$120.00
1121923,5037,1402680,12/08/2024,10,affiliate_display,$65.00
1121924,5054,1402859,12/14/2024,7,email_existing,$75.00
1121925,5023,1402910,12/24/2024,9,email_existing,$55.00
1121926,5057,1403063,12/15/2024,10,Google,$70.00
1121927,5069,1402918,12/11/2024,5,social_fb,$110.00
1121928,5006,1402602,12/15/2024,8,email_existing,$80.00
1121929,5071,1402739,12/12/2024,9,search_yahoo,$60.00
1121930,5111,1402587,12/14/2024,9,search_bing,$155.00
1121931,5063,1402977,12/06/2024,3,social_fb,$95.00
1121932,5003,1402677,01/06/2025,10,TikTok,$115.00
1121933,5107,1403066,01/03/2025,8,search_google,$215.00
1121934,5024,1402775,01/07/2025,9,email_newuser,$115.00
1121935,5130,1403046,01/06/2025,11,social_fb,$55.00
1121936,5053,1402843,01/02/2025,11,social_tiktok,$105.00
1121937,5121,1402776,01/05/2025,10,social_twitter,$40.00
1121938,5099,1403000,01/06/2025,9,search_google,$240.00
1121939,5061,1403022,01/01/2025,8,social_fb,$85.00
1121940,5022,1402964,01/01/2025,11,email_existing,$90.00
1121941,5052,1402841,01/02/2025,5,social_tiktok,$70.00
1121942,5117,1402561,01/03/2025,11,search_google,$60.00
1121943,5084,1403097,01/01/2025,12,email_new_user,$95.00
1121944,5099,1402730,01/05/2025,11,search_google,$240.00
1121945,5098,1402683,01/05/2025,9,search_yahoo,$195.00
1121946,5122,1402883,01/06/2025,10,search_google,$35.00
1121947,5053,1402653,01/04/2025,7,search_bing,$95.00
1121948,5018,1402968,01/04/2025,4,search_google,$90.00
1121949,5123,1403095,01/02/2025,10,email_existing,$60.00
1121950,5069,1402621,01/01/2025,6,email_new_user,$105.00
1121951,5137,1402907,01/06/2025,7,search_google,$25.00
1121952,5074,1402730,01/06/2025,9,Google Analytics,$135.00
1121953,5024,1402668,01/05/2025,8,email_new_user,$105.00
1121954,5062,1403014,01/01/2025,8,affiliate_display,$105.00
1121955,5097,1402696,01/07/2025,4,email_existing,$170.00
1121956,5062,1402897,01/04/2025,7,affiliate_text,$105.00
1121957,5078,1402533,01/07/2025,8,social_twitter,$80.00
1121958,5066,1402759,01/08/2025,10,email_existing,$75.00
1121959,5085,1402933,01/08/2025,5,search_bing,$85.00
1121960,5054,1402946,01/09/2025,9,social_twitter,$80.00
1121961,5017,1402541,01/10/2025,8,search_google,$110.00
1121962,5046,1403063,01/10/2025,11,google_search,$50.00
1121963,5093,1402884,01/11/2025,6,email_new_user,$50.00
1121964,5016,1402982,01/11/2025,9,Google Analytics,$65.00
1121965,5139,1402588,01/12/2025,8,social_fb,$30.00
1121966,5008,1403028,01/14/2025,8,email_existing,$110.00
1121967,5023,1403017,01/14/2025,8,affiliate_text,$60.00
1121968,5134,1402925,01/15/2025,10,email_existing,$30.00
1121969,5049,1402907,01/16/2025,9,Google,$60.00
1121970,5073,1402947,01/16/2025,10,affiliate_display,$55.00
1121971,5123,1402796,01/17/2025,10,social_tiktok,$40.00
1121972,5075,1402550,01/17/2025,6,social_fb,$90.00
1121973,5026,1402889,01/18/2025,8,search_google,$110.00
1121974,5058,1402599,01/18/2025,7,affiliate_display,$100.00
1121975,5073,1402643,01/21/2025,6,social_fb,$55.00
1121976,5042,1402732,01/21/2025,7,email_existing,$80.00
1121977,5029,1402757,01/21/2025,6,Bing,$125.00
1121978,5140,1402674,01/22/2025,9,email_existing,$50.00
1121979,5136,1402978,01/22/2025,8,social_fb,$30.00
1121980,5068,1402878,01/22/2025,5,affiliate_text,$105.00
1121981,5040,1402530,01/22/2025,12,email_existing,$100.00
1121982,5021,1402725,01/22/2025,6,email_existing,$60.00
1121983,5075,1402718,01/23/2025,6,email_new_user,$90.00
1121984,5075,1402629,01/23/2025,8,search_google,$90.00
1121985,5071,1403080,01/23/2025,6,email_new_user,$55.00
1121986,5033,1402702,01/25/2025,9,social_fb,$100.00
1121987,5028,1402574,01/25/2025,8,GA,$70.00
1121988,5062,1403010,01/26/2025,11,social_fb,$125.00
1121989,5064,1402845,01/26/2025,11,search_bing,$55.00
1121990,5026,1402829,01/26/2025,6,email_new_user,$110.00
1121991,5069,1402649,01/27/2025,11,social_fb,$105.00
1121992,5008,1402903,01/27/2025,8,affiliate_text,$110.00
1121993,5079,1402677,01/27/2025,6,social_fb,$110.00
1121994,5000,1402560,01/27/2025,11,GA,$95.00
1121995,5108,1402923,01/28/2025,9,Google Analytics,$220.00
1121996,5126,1403105,01/28/2025,8,search_google,$40.00
1121997,5060,1402851,01/28/2025,8,affiliate_text,$90.00
1121998,5078,1402625,01/28/2025,6,search_bing,$85.00
1121999,5123,1402576,01/29/2025,11,search_google,$40.00
1122000,5011,1402869,01/30/2025,10,google_search,$110.00
1122001,5007,1402859,01/30/2025,11,social_twitter,$55.00
1122002,5028,1402802,01/30/2025,12,Facebook Ads,$70.00
1122003,5000,1402746,01/30/2025,12,email_new_user,$95.00
1122004,5003,1402670,01/31/2025,10,search_google,$120.00
1122005,5048,1402805,01/31/2025,7,search_google,$200.00
1122006,5063,1402568,01/31/2025,10,email_existing,$90.00
1122007,5001,1402665,01/31/2025,11,email_new_user,$95.00
1122008,5135,1402857,02/01/2025,8,email_new_user,$35.00
1122009,5023,1402813,02/01/2025,7,affiliate_text,$60.00
1122010,5139,1402957,02/02/2025,11,affiliate_display,$30.00
1122011,5035,1402585,02/02/2025,9,search_google,$70.00
1122012,5028,1402891,02/02/2025,7,affiliate_display,$70.00
1122013,5139,1402940,02/02/2025,8,social_fb,$30.00
1122014,5127,1402525,02/02/2025,10,social_fb,$50.00
1122015,5139,1402951,02/03/2025,9,search_google,$30.00
1122016,5019,1402839,02/03/2025,8,affiliate_display,$95.00
1122017,5057,1402625,02/04/2025,11,social_fb,$70.00
1122018,5125,1403037,02/04/2025,10,search_bing,$65.00
1122019,5139,1402781,02/04/2025,11,search_google,$30.00
1122020,5051,1402767,02/05/2025,11,affiliate_display,$70.00
1122021,5049,1402580,02/05/2025,12,affiliate_display,$60.00
1122022,5033,1402642,02/05/2025,6,Google,$100.00
1122023,5012,1402937,02/07/2025,12,search_google,$75.00
1122024,5018,1402831,02/07/2025,11,social_tiktok,$85.00
1122025,5038,1402780,02/07/2025,10,social_fb,$85.00
1122026,5080,1402859,02/07/2025,5,search_google,$115.00
1122027,5134,1403057,02/07/2025,8,Facebook Ads,$30.00
1122028,5023,1402856,02/07/2025,10,Bing,$60.00
1122029,5128,1402913,02/08/2025,8,social_fb,$50.00
1122030,5057,1402913,02/08/2025,6,email_existing,$70.00
1122031,5000,1402777,02/08/2025,8,social_fb,$95.00
1122032,5139,1402819,02/09/2025,11,affiliate_text,$30.00
1122033,5136,1402757,02/10/2025,11,FB,$30.00
1122034,5018,1402756,02/10/2025,12,search_google,$85.00
1122035,5119,1402677,02/11/2025,11,Yahoo,$60.00
1122036,5125,1403063,02/12/2025,10,search_bing,$65.00
1122037,5064,1402805,02/12/2025,6,search_google,$55.00
1122038,5019,1402654,02/13/2025,11,affiliate_text,$95.00
1122039,5075,1402601,02/14/2025,11,Google,$90.00
1122040,5139,1402603,02/14/2025,11,affiliate_text,$30.00
1122041,5023,1403076,02/14/2025,9,email_newuser,$60.00
1122042,5137,1402565,02/15/2025,10,Google Analytics,$30.00
1122043,5126,1403036,02/15/2025,9,search_google,$40.00
1122044,5091,1402641,02/15/2025,7,email_existing,$250.00
1122045,5021,1402628,02/16/2025,9,Bing,$60.00
1122046,5030,1402983,02/16/2025,10,search_google,$105.00
1122047,5141,1402651,02/16/2025,8,affiliate_text,$60.00
1122048,5086,1402982,02/16/2025,8,Twitter,$100.00
1122049,5123,1402745,02/16/2025,8,email_existing,$40.00
1122050,5049,1402933,02/16/2025,11,search_google,$60.00
1122051,5080,1402737,02/17/2025,5,search_yahoo,$115.00
1122052,5048,1402935,02/17/2025,6,social_fb,$200.00
1122053,5136,1402602,02/17/2025,9,search_google,$30.00
1122054,5059,1403104,02/17/2025,6,search_google,$85.00
1122055,5100,1402891,02/18/2025,9,email_existing,$175.00
1122056,5119,1403046,02/19/2025,10,search_google,$60.00
1122057,5006,1403072,02/19/2025,7,email_existing,$85.00
1122058,5054,1402530,02/20/2025,9,email_new_user,$80.00
1122059,5045,1402772,02/20/2025,11,email_existing,$125.00
1122060,5010,1402633,02/20/2025,8,search_google,$80.00
1122061,5139,1402827,02/21/2025,8,email_new_user,$30.00
1122062,5139,1402537,02/21/2025,10,email_existing,$30.00
1122063,5070,1402687,02/21/2025,8,search_yahoo,$125.00
1122064,5023,1402850,02/22/2025,11,search_google,$60.00
1122065,5035,1402945,02/22/2025,7,email_existing,$70.00
1122066,5054,1402897,02/23/2025,5,email_new_user,$80.00
1122067,5061,1402534,02/24/2025,10,email_new_user,$85.00
1122068,5036,1402652,02/24/2025,12,email_existing,$240.00
1122069,5038,1402966,02/24/2025,6,email_existing,$85.00
1122070,5093,1402552,02/25/2025,7,email_existing,$50.00
1122071,5032,1402760,02/25/2025,7,email_newuser,$110.00
1122072,5025,1402921,02/25/2025,12,TikTok,$95.00
1122073,5137,1402875,02/25/2025,11,email_existing,$30.00
1122074,5077,1402599,02/26/2025,9,affiliate_text,$110.00
1122075,5071,1402890,02/26/2025,9,affiliate_text,$55.00
1122076,5088,1402553,02/26/2025,11,search_google,$90.00
1122077,5137,1402741,02/27/2025,8,Google,$30.00
1122078,5129,1402927,02/27/2025,9,email_newuser,$40.00
1122079,5019,1402973,02/27/2025,11,search_google,$95.00
1122080,5139,1403011,02/27/2025,11,email_new_user,$30.00
1122081,5011,1402802,02/28/2025,9,affiliate_display,$110.00
1122082,5023,1402895,02/28/2025,9,search_google,$60.00
1122083,5044,1402612,02/28/2025,9,email_existing,$75.00
1122084,5023,1402858,02/28/2025,6,search_google,$60.00
1122085,5121,1403015,02/28/2025,8,social_twitter,$60.00
1122086,5065,1402806,02/28/2025,10,email_existing,$95.00
1122087,5087,1402997,03/01/2025,11,affiliate_text,$205.00
1122088,5123,1402573,03/01/2025,10,email_existing,$40.00
1122089,5044,1402756,03/01/2025,8,email_new_user,$75.00
1122090,5110,1402937,03/01/2025,11,email_new_user,$215.00
1122091,5139,1402989,03/01/2025,11,affiliate_display,$30.00
1122092,5139,1402960,03/01/2025,9,email_newuser,$30.00
1122093,5049,1402632,03/01/2025,6,Google Analytics,$60.00
1122094,5058,1402996,03/02/2025,9,email_existing,$100.00
1122095,5083,1402664,03/02/2025,5,email_existing,$115.00
1122096,5010,1403004,03/03/2025,11,social_fb,$80.00
1122097,5136,1402670,03/03/2025,8,search_google,$30.00
1122098,5049,1402887,03/04/2025,6,google_search,$60.00
1122099,5010,1402842,03/04/2025,8,social_tiktok,$80.00
1122100,5125,1402946,03/05/2025,11,social_tiktok,$65.00
1122101,5126,1403082,03/05/2025,9,social_twitter,$40.00
1122102,5053,1402753,03/05/2025,8,search_bing,$100.00
1122103,5129,1402565,03/05/2025,10,social_tiktok,$40.00
1122104,5139,1402881,03/06/2025,9,search_google,$30.00
1122105,5060,1402614,03/06/2025,7,Google Analytics,$90.00
1122106,5031,1402771,03/06/2025,10,email_existing,$85.00
1122107,5047,1402872,03/07/2025,6,email_new_user,$80.00
1122108,5027,1402595,03/07/2025,11,affiliate_text,$135.00
1122109,5031,1402930,03/07/2025,10,affiliate_text,$85.00
1122110,5032,1402737,03/07/2025,6,email_existing,$110.00
1122111,5066,1402969,03/07/2025,5,social_twitter,$75.00
1122112,5047,1402763,03/07/2025,9,TikTok,$80.00
1122113,5047,1402554,03/07/2025,9,search_google,$80.00
1122114,5137,1402637,03/08/2025,11,email_new_user,$30.00
1122115,5137,1402643,03/08/2025,11,search_google,$30.00
1122116,5134,1402595,03/08/2025,11,email_new_user,$30.00
1122117,5093,1402586,03/08/2025,11,search_google,$50.00
1122118,5137,1402525,03/08/2025,11,email_existing,$30.00
1122119,5002,1403051,03/09/2025,9,email_existing,$100.00
1122120,5128,1402695,03/09/2025,9,email_existing,$50.00
1122121,5016,1402583,03/09/2025,8,email_existing,$65.00
1122122,5041,1402804,03/09/2025,12,search_google,$200.00
1122123,5049,1402859,03/10/2025,12,email_existing,$60.00
1122124,5126,1402943,03/10/2025,9,search_google,$40.00
1122125,5065,1402688,03/10/2025,5,affiliate_text,$95.00
1122126,5134,1403019,03/10/2025,9,email_new_user,$30.00
1122127,5046,1403084,03/10/2025,11,social_tiktok,$50.00
1122128,5124,1402905,03/11/2025,11,email_existing,$65.00
1122129,5139,1402741,03/11/2025,8,affiliate_display,$30.00
1122130,5046,1402869,03/11/2025,10,search_yahoo,$50.00
1122131,5137,1403047,03/11/2025,9,social_fb,$30.00
1122132,5127,1402691,03/12/2025,8,email_new_user,$50.00
1122133,5087,1402604,03/12/2025,11,affiliate_text,$205.00
1122134,5137,1403099,03/12/2025,10,email_new_user,$30.00
1122135,5079,1402786,03/13/2025,5,search_google,$110.00
1122136,5034,1402917,03/13/2025,12,email_existing,$250.00
1122137,5046,1402802,03/13/2025,7,email_existing,$50.00
1122138,5046,1402609,03/13/2025,8,affiliate_text,$50.00
1122139,5075,1402670,03/13/2025,11,search_google,$90.00
1122140,5129,1402948,03/14/2025,8,email_newuser,$40.00
1122141,5093,1402886,03/14/2025,7,search_google,$50.00
1122142,5083,1402602,03/14/2025,8,email_new_user,$115.00
1122143,5122,1402547,03/15/2025,8,search_google,$45.00
1122144,5049,1402640,03/15/2025,11,affiliate_display,$60.00
1122145,5052,1402689,03/15/2025,5,Google,$70.00
1122146,5138,1402890,03/15/2025,10,search_bing,$40.00
1122147,5073,1402603,03/15/2025,5,affiliate_text,$55.00
1122148,5016,1402831,03/16/2025,11,email_new_user,$65.00
1122149,5009,1403018,03/16/2025,7,social_fb,$60.00
1122150,5135,1402560,03/16/2025,10,social_fb,$35.00
1122151,5049,1402529,03/17/2025,9,Bing,$60.00
1122152,5029,1402854,03/17/2025,12,search_google,$125.00
1122153,5028,1402824,03/17/2025,7,search_google,$70.00
1122154,5135,1402876,03/17/2025,8,search_google,$35.00
1122155,5139,1402545,03/17/2025,9,search_google,$30.00
1122156,5061,1402961,03/18/2025,10,search_google,$85.00
1122157,5038,1402913,03/18/2025,8,affiliate_text,$85.00
1122158,5037,1402697,03/19/2025,6,email_new_user,$80.00
1122159,5141,1402594,03/20/2025,11,affiliate_text,$60.00
1122160,5021,1402526,03/21/2025,11,social_fb,$60.00
1122161,5049,1402870,03/21/2025,11,Google Analytics,$60.00
1122162,5001,1402838,03/22/2025,11,affiliate_display,$95.00
1122163,5006,1402535,03/22/2025,6,search_google,$85.00
1122164,5093,1402949,03/23/2025,8,email_new_user,$50.00
1122165,5072,1402860,03/23/2025,10,affiliate_display,$95.00
1122166,5052,1403039,03/23/2025,6,email_existing,$70.00
1122167,5038,1402979,03/24/2025,6,affiliate_text,$85.00
1122168,5007,1403094,03/25/2025,12,email_existing,$55.00
1122169,5118,1402541,03/26/2025,9,email_existing,$55.00
1122170,5121,1402606,03/26/2025,11,affiliate_display,$60.00
1122171,5072,1402726,03/26/2025,8,Bing,$95.00
1122172,5134,1402974,03/27/2025,8,email_new_user,$30.00
1122173,5068,1402955,03/27/2025,6,email_new_user,$105.00
1122174,5020,1402731,03/27/2025,7,social_fb,$90.00
1122175,5079,1403031,03/27/2025,9,affiliate_text,$110.00
1122176,5137,1402721,03/29/2025,9,search_google,$30.00
1122177,5007,1402778,03/29/2025,11,affiliate_text,$55.00
1122178,5059,1403009,03/30/2025,11,email_new_user,$85.00
1122179,5029,1402915,03/30/2025,9,affiliate_display,$125.00
1122180,5073,1402919,03/30/2025,8,affiliate_display,$55.00
1122181,5044,1402701,03/31/2025,7,search_google,$75.00
1122182,5136,1402859,03/31/2025,8,email_existing,$30.00
1122183,5038,1402629,03/31/2025,11,Google,$85.00
1122184,5054,1403092,03/31/2025,6,email_existing,$80.00
1122185,5082,1403097,03/31/2025,9,email_new_user,$70.00
1122186,5079,1403080,03/31/2025,5,email_new_user,$110.00
1122187,5079,1403019,04/02/2025,9,Google,$110.00
1122188,5021,1403004,04/02/2025,6,email_existing,$60.00
1122189,5026,1402591,04/02/2025,7,search_google,$110.00
1122190,5017,1403027,04/03/2025,6,email_existing,$110.00
1122191,5077,1402770,04/04/2025,10,social_tiktok,$110.00
1122192,5139,1402966,04/04/2025,11,Bing,$30.00
1122193,5014,1402679,04/05/2025,10,search_yahoo,$80.00
1122194,5139,1402814,04/05/2025,9,search_google,$30.00
1122195,5058,1402780,04/06/2025,5,social_tiktok,$100.00
1122196,5071,1402561,04/06/2025,8,email_existing,$55.00
1122197,5034,1402855,04/06/2025,9,email_new_user,$250.00
1122198,5042,1403028,04/07/2025,12,affiliate_display,$80.00
1122199,5020,1402918,04/07/2025,7,search_google,$90.00
1122200,5025,1402573,04/07/2025,6,email_existing,$95.00
1122201,5046,1402632,04/07/2025,7,Google,$50.00
1122202,5085,1402564,04/08/2025,7,Yahoo,$85.00
1122203,5068,1402589,04/08/2025,7,email_new_user,$105.00
1122204,5024,1402873,04/08/2025,11,email_existing,$115.00
1122205,5073,1402825,04/09/2025,7,email_newuser,$55.00
1122206,5139,1402708,04/09/2025,9,affiliate_text,$30.00
1122207,5070,1402788,04/11/2025,6,search_google,$125.00
1122208,5004,1402593,04/11/2025,9,email_existing,$100.00
1122209,5137,1402793,04/12/2025,8,affiliate_display,$30.00
1122210,5007,1402556,04/12/2025,8,search_google,$55.00
1122211,5138,1402733,04/12/2025,8,social_fb,$40.00
1122212,5051,1402796,04/13/2025,11,Bing,$70.00
1122213,5009,1402759,04/13/2025,10,email_new_user,$60.00
1122214,5137,1403014,04/14/2025,11,search_google,$30.00
1122215,5010,1402678,04/14/2025,9,social_fb,$80.00
1122216,5021,1402762,04/14/2025,11,email_new_user,$60.00
1122217,5139,1402652,04/15/2025,10,Twitter,$30.00
1122218,5022,1402782,04/15/2025,6,email_new_user,$110.00
1122219,5067,1402689,04/15/2025,9,email_existing,$90.00
1122220,5100,1403083,04/15/2025,8,GA,$175.00
1122221,5032,1402607,04/15/2025,6,search_google,$110.00
1122222,5071,1403030,04/16/2025,8,search_google,$55.00
1122223,5139,1402976,04/16/2025,8,email_existing,$30.00
1122224,5098,1402933,04/16/2025,11,email_new_user,$235.00
1122225,5017,1402578,04/16/2025,11,social_fb,$110.00
1122226,5134,1402720,04/16/2025,9,GA,$30.00
1122227,5047,1402606,04/17/2025,9,email_newuser,$80.00
1122228,5082,1402523,04/17/2025,8,email_existing,$70.00
1122229,5137,1402966,04/18/2025,10,email_existing,$30.00
1122230,5077,1403007,04/18/2025,11,search_google,$110.00
1122231,5072,1402695,04/19/2025,10,search_google,$95.00
1122232,5049,1402687,04/19/2025,12,email_new_user,$60.00
1122233,5067,1402738,04/19/2025,10,Google,$90.00
1122234,5061,1402849,04/19/2025,5,search_google,$85.00
1122235,5044,1402654,04/20/2025,10,social_tiktok,$75.00
1122236,5129,1403025,04/20/2025,10,email_existing,$40.00
1122237,5128,1402996,04/20/2025,11,search_google,$50.00
1122238,5012,1403008,04/21/2025,11,social_fb,$75.00
1122239,5138,1402996,04/21/2025,10,email_new_user,$40.00
1122240,5075,1402625,04/22/2025,10,social_fb,$90.00
1122241,5139,1402774,04/22/2025,11,search_google,$30.00
1122242,5023,1402596,04/22/2025,9,email_existing,$60.00
1122243,5010,1403065,04/22/2025,11,search_google,$80.00
1122244,5134,1403106,04/22/2025,8,Yahoo,$30.00
1122245,5003,1403014,04/23/2025,12,Google,$120.00
1122246,5007,1402992,04/23/2025,11,social_fb,$55.00
1122247,5117,1402654,04/24/2025,11,search_google,$245.00
1122248,5071,1402817,04/24/2025,11,search_google,$55.00
1122249,5009,1402929,04/24/2025,9,social_fb,$60.00
1122250,5134,1402944,04/25/2025,11,Facebook,$30.00
1122251,5025,1402650,04/25/2025,9,search_bing,$95.00
1122252,5022,1402824,04/25/2025,10,search_google,$110.00
1122253,5136,1402605,04/26/2025,8,email_new_user,$30.00
1122254,5066,1402599,04/26/2025,7,Bing,$75.00
1122255,5003,1402647,04/26/2025,10,affiliate_display,$120.00
1122256,5011,1402919,04/27/2025,9,Bing,$110.00
1122257,5097,1402554,04/27/2025,5,social_twitter,$205.00
1122258,5081,1402875,04/28/2025,6,search_bing,$85.00
1122259,5134,1402757,04/28/2025,11,email_new_user,$30.00
1122260,5016,1402528,04/29/2025,11,search_bing,$65.00
1122261,5037,1403014,04/29/2025,6,social_tiktok,$80.00
1122262,5120,1402628,04/30/2025,11,search_google,$55.00
1122263,5137,1402717,04/30/2025,8,email_existing,$30.00
1122264,5134,1402906,04/30/2025,9,email_newuser,$30.00
1122265,5054,1402896,04/30/2025,10,social_twitter,$80.00
1122266,5020,1402742,04/30/2025,11,search_google,$90.00
1122267,5028,1402711,04/30/2025,9,affiliate_text,$70.00
1122268,5016,1402802,04/30/2025,10,social_tiktok,$65.00
1122269,5022,1403047,05/01/2025,7,affiliate_display,$110.00
1122270,5139,1402942,05/01/2025,8,social_fb,$30.00
1122271,5134,1402798,05/01/2025,11,email_new_user,$30.00
1122272,5106,1402720,05/01/2025,10,search_yahoo,$205.00
1122273,5021,1402605,05/02/2025,11,search_google,$60.00
1122274,5136,1402689,05/02/2025,9,email_existing,$30.00
1122275,5051,1402818,05/03/2025,5,Google Analytics,$70.00
1122276,5020,1402952,05/04/2025,12,search_google,$90.00
1122277,5134,1402911,05/04/2025,8,email_new_user,$30.00
1122278,5063,1402803,05/04/2025,7,email_new_user,$90.00
1122279,5026,1402608,05/04/2025,11,google_search,$110.00
1122280,5052,1403043,05/05/2025,7,affiliate_text,$70.00
1122281,5076,1402745,05/05/2025,6,Bing,$105.00
1122282,5078,1402934,05/05/2025,5,social_tiktok,$85.00
1122283,5134,1402811,05/05/2025,11,search_google,$30.00
1122284,5074,1403062,05/05/2025,8,FB,$140.00
1122285,5091,1402642,05/05/2025,9,google_search,$250.00
1122286,5136,1403061,05/06/2025,9,Facebook,$30.00
1122287,5025,1402816,05/07/2025,6,email_new_user,$95.00
1122288,5134,1402653,05/07/2025,9,email_existing,$30.00
1122289,5133,1402959,05/07/2025,11,email_existing,$65.00
1122290,5088,1402822,05/08/2025,5,search_bing,$90.00
1122291,5019,1402992,05/08/2025,11,social_fb,$95.00
1122292,5032,1402865,05/08/2025,10,affiliate_text,$110.00
1122293,5024,1402588,05/08/2025,8,email_existing,$115.00
1122294,5047,1402874,05/08/2025,8,Google Analytics,$80.00
1122295,5023,1402596,05/09/2025,7,email_newuser,$60.00
1122296,5012,1402931,05/09/2025,12,search_yahoo,$75.00
1122297,5139,1402715,05/09/2025,10,search_bing,$30.00
1122298,5082,1403043,05/10/2025,5,email_new_user,$70.00
1122299,5044,1402578,05/10/2025,11,email_newuser,$75.00
1122300,5064,1402523,05/11/2025,7,search_google,$55.00
1122301,5027,1402576,05/11/2025,8,email_new_user,$135.00
1122302,5136,1403080,05/11/2025,8,social_fb,$30.00
1122303,5073,1402998,05/11/2025,5,affiliate_display,$55.00
1122304,5134,1402923,05/12/2025,8,search_google,$30.00
1122305,5049,1402778,05/12/2025,7,email_new_user,$60.00
1122306,5120,1402763,05/12/2025,10,email_existing,$55.00
1122307,5136,1402989,05/12/2025,11,email_new_user,$30.00
1122308,5085,1402558,05/12/2025,9,Google Analytics,$85.00
1122309,5136,1402524,05/13/2025,11,email_existing,$30.00
1122310,5018,1402717,05/13/2025,11,affiliate_text,$85.00
1122311,5121,1402661,05/13/2025,10,social_fb,$60.00
1122312,5122,1402877,05/13/2025,9,email_newuser,$45.00
1122313,5121,1402800,05/14/2025,8,social_fb,$60.00
1122314,5031,1402545,05/14/2025,11,search_google,$85.00
1122315,5015,1403072,05/14/2025,7,search_yahoo,$70.00
1122316,5022,1403023,05/15/2025,9,social_tiktok,$110.00
1122317,5023,1402753,05/15/2025,11,email_existing,$60.00
1122318,5059,1402931,05/15/2025,7,email_newuser,$85.00
1122319,5083,1402720,05/15/2025,10,search_bing,$115.00
1122320,5018,1402983,05/15/2025,6,Bing,$85.00
1122321,5027,1402741,05/15/2025,8,search_google,$135.00
1122322,5057,1403085,05/15/2025,8,Bing,$70.00
1122323,5040,1402984,05/15/2025,11,social_tiktok,$100.00
1122324,5023,1402835,05/15/2025,10,email_new_user,$60.00
1122325,5119,1402991,05/16/2025,8,affiliate_display,$60.00
1122326,5056,1403104,05/16/2025,7,affiliate_text,$60.00
1122327,5118,1402864,05/16/2025,10,email_existing,$55.00
1122328,5068,1402710,05/16/2025,10,social_fb,$105.00
1122329,5134,1402986,05/17/2025,10,affiliate_text,$30.00
1122330,5137,1402555,05/17/2025,11,search_google,$30.00
1122331,5005,1402603,05/17/2025,10,email_existing,$110.00
1122332,5134,1402997,05/17/2025,11,email_existing,$30.00
1122333,5056,1402972,05/17/2025,11,search_google,$60.00
1122334,5133,1402742,05/18/2025,8,email_new_user,$65.00
1122335,5069,1402963,05/18/2025,9,search_bing,$105.00
1122336,5087,1402825,05/18/2025,8,Facebook Ads,$205.00
1122337,5066,1403030,05/18/2025,10,Bing,$75.00
1122338,5139,1402642,05/18/2025,9,email_existing,$30.00
1122339,5087,1402947,05/19/2025,11,search_google,$205.00
1122340,5092,1402864,05/19/2025,7,email_existing,$215.00
1122341,5058,1402549,05/19/2025,7,TikTok,$100.00
1122342,5076,1403047,05/19/2025,8,social_tiktok,$105.00
1122343,5056,1402980,05/19/2025,7,email_new_user,$60.00
1122344,5025,1402759,05/20/2025,11,social_fb,$95.00
1122345,5136,1402802,05/21/2025,8,affiliate_text,$30.00
1122346,5028,1402573,05/21/2025,8,social_tiktok,$70.00
1122347,5085,1403093,05/21/2025,5,google_search,$85.00
1122348,5139,1402659,05/21/2025,10,social_fb,$30.00
1122349,5059,1402609,05/21/2025,8,GA,$85.00
1122350,5049,1402878,05/22/2025,7,email_existing,$60.00
1122351,5060,1402686,05/22/2025,11,Google,$90.00
1122352,5033,1402950,05/22/2025,7,search_google,$100.00
1122353,5021,1402976,05/23/2025,10,search_yahoo,$60.00
1122354,5054,1403024,05/23/2025,6,social_fb,$80.00
1122355,5139,1402671,05/23/2025,8,email_existing,$30.00
1122356,5037,1402723,05/23/2025,8,Google,$80.00
1122357,5044,1402640,05/23/2025,7,Bing,$75.00
1122358,5072,1402895,05/24/2025,8,search_google,$95.00
1122359,5133,1403003,05/24/2025,8,Bing,$65.00
1122360,5023,1402569,05/24/2025,10,Facebook,$60.00
1122361,5066,1402633,05/25/2025,10,email_existing,$75.00
1122362,5046,1402653,05/25/2025,7,search_google,$50.00
1122363,5078,1402849,05/25/2025,7,search_bing,$85.00
1122364,5058,1402679,05/26/2025,11,email_existing,$100.00
1122365,5035,1402704,05/26/2025,10,Twitter,$70.00
1122366,5075,1402703,05/26/2025,11,affiliate_display,$90.00
1122367,5083,1403080,05/27/2025,11,GA,$115.00
1122368,5067,1403105,05/28/2025,8,affiliate_text,$90.00
1122369,5003,1402721,05/28/2025,8,search_google,$120.00
1122370,5135,1402642,05/28/2025,11,search_google,$35.00
1122371,5002,1402962,05/29/2025,12,Facebook Ads,$100.00
1122372,5139,1402940,05/29/2025,11,social_tiktok,$30.00
1122373,5064,1402796,05/29/2025,7,social_tiktok,$55.00
1122374,5005,1403066,05/29/2025,8,email_newuser,$110.00
1122375,5009,1403028,05/30/2025,9,TikTok,$60.00
1122376,5047,1402973,05/30/2025,9,email_existing,$80.00
1122377,5004,1402574,05/30/2025,10,search_google,$100.00
1122378,5061,1402597,05/31/2025,5,Yahoo,$85.00
1122379,5134,1402818,05/31/2025,11,TikTok,$30.00
1122380,5120,1402568,06/01/2025,10,email_new_user,$55.00
1122381,5134,1403030,06/01/2025,11,affiliate_display,$30.00
1122382,5033,1402564,06/01/2025,12,search_google,$100.00
1122383,5069,1403017,06/02/2025,9,email_new_user,$105.00
1122384,5124,1402940,06/03/2025,11,email_new_user,$65.00
1122385,5089,1402812,06/03/2025,6,email_existing,$175.00
1122386,5031,1402898,06/03/2025,9,email_existing,$85.00
1122387,5010,1403075,06/03/2025,11,social_fb,$80.00
1122388,5073,1402878,06/03/2025,8,email_new_user,$55.00
1122389,5122,1402970,06/03/2025,10,social_tiktok,$45.00
1122390,5139,1403051,06/04/2025,11,search_google,$30.00
1122391,5069,1402818,06/04/2025,7,Twitter,$105.00
1122392,5039,1402697,06/04/2025,11,email_existing,$170.00
1122393,5057,1402788,06/04/2025,6,Google,$70.00
1122394,5118,1402872,06/05/2025,8,search_google,$55.00
1122395,5049,1402543,06/05/2025,8,search_google,$60.00
1122396,5137,1402708,06/06/2025,11,email_existing,$30.00
1122397,5142,1402730,06/06/2025,9,email_new_user,$45.00
1122398,5011,1403009,06/06/2025,11,Facebook,$110.00
1122399,5061,1403042,06/06/2025,7,email_existing,$85.00
1122400,5036,1403041,06/07/2025,11,email_new_user,$240.00
1122401,5080,1402780,06/07/2025,11,search_bing,$115.00
1122402,5137,1402600,06/08/2025,11,search_google,$30.00
1122403,5139,1402775,06/08/2025,11,google_search,$30.00
1122404,5139,1402858,06/08/2025,10,social_fb,$30.00
1122405,5063,1403033,06/08/2025,7,email_existing,$90.00
1122406,5105,1403005,06/08/2025,7,Facebook Ads,$205.00
1122407,5137,1402932,06/09/2025,11,social_fb,$30.00
1122408,5021,1403102,06/09/2025,11,affiliate_display,$60.00
1122409,5064,1402759,06/09/2025,7,google_search,$55.00
1122410,5134,1402938,06/10/2025,10,Facebook,$30.00
1122411,5009,1403063,06/11/2025,12,search_yahoo,$60.00
1122412,5139,1402549,06/11/2025,8,search_google,$30.00
1122413,5123,1402937,06/11/2025,8,search_google,$40.00
1122414,5139,1402781,06/12/2025,11,email_existing,$30.00
1122415,5134,1402738,06/12/2025,8,email_existing,$30.00
1122416,5012,1403052,06/13/2025,7,email_newuser,$75.00
1122417,5139,1402740,06/13/2025,8,GA,$30.00
1122418,5031,1402845,06/14/2025,6,search_google,$85.00
1122419,5004,1402680,06/15/2025,11,social_tiktok,$100.00
1122420,5029,1403012,06/15/2025,10,search_google,$125.00
1122421,5008,1402593,06/15/2025,6,search_google,$110.00
1122422,5018,1403049,06/15/2025,10,email_existing,$85.00
1122423,5126,1402732,06/16/2025,9,email_newuser,$40.00
1122424,5023,1402677,06/16/2025,10,search_yahoo,$60.00
1122425,5046,1402678,06/16/2025,10,search_google,$50.00
1122426,5056,1402754,06/17/2025,6,google_search,$60.00
1122427,5010,1403066,06/19/2025,12,affiliate_display,$80.00
1122428,5105,1402920,06/19/2025,7,social_fb,$205.00
1122429,5070,1402553,06/20/2025,6,social_twitter,$125.00
1122430,5033,1402670,06/20/2025,11,Bing,$100.00
1122431,5016,1402692,06/21/2025,8,google_search,$65.00
1122432,5021,1402876,06/21/2025,11,Twitter,$60.00
1122433,5123,1402888,06/21/2025,8,search_yahoo,$40.00
1122434,5078,1402891,06/21/2025,6,search_bing,$85.00
1122435,5137,1402780,06/21/2025,10,search_google,$30.00
1122436,5091,1402620,06/21/2025,8,affiliate_text,$250.00
1122437,5127,1402833,06/22/2025,9,email_existing,$50.00
1122438,5051,1402671,06/23/2025,11,social_fb,$70.00
1122439,5014,1402790,06/24/2025,10,email_new_user,$80.00
1122440,5052,1402524,06/25/2025,8,Bing,$70.00
1122441,5118,1403057,06/25/2025,8,search_yahoo,$55.00
1122442,5134,1403048,06/25/2025,9,affiliate_text,$30.00
1122443,5007,1402864,06/26/2025,8,email_existing,$55.00
1122444,5134,1403059,06/26/2025,10,search_google,$30.00
1122445,5023,1402627,06/27/2025,11,affiliate_display,$60.00
1122446,5137,1402809,06/28/2025,8,search_google,$30.00
1122447,5019,1403038,06/28/2025,6,email_new_user,$95.00
1122448,5009,1402718,06/28/2025,9,search_yahoo,$60.00
1122449,5137,1402676,06/29/2025,8,search_google,$30.00
1122450,5010,1402914,06/29/2025,12,email_existing,$80.00
1122451,5134,1402751,06/29/2025,10,email_new_user,$30.00
1122452,5126,1402588,06/29/2025,11,search_bing,$40.00
1122453,5136,1403106,06/29/2025,11,email_existing,$30.00
1122454,5035,1402833,06/29/2025,6,search_google,$70.00
1122455,5137,1402729,06/30/2025,10,search_google,$30.00
1122456,5046,1402918,06/30/2025,6,FB,$50.00
1122457,5108,1403063,06/30/2025,5,search_google,$220.00
